x1,y1,z1,x2,y2,z2,x3,y3,z3,x4,y4,z4,x5,y5,z5,x6,y6,z6,x7,y7,z7,x8,y8,z8,x9,y9,z9,x10,y10,z10,m1,m2,m3,m4,m5,mtot,fermi,band,toten,class
0.4733579551368947,0.7521415318442508,0.34253420973926296,0.4421124066431956,0.02376282565677945,1.3324502498660598,0.8521830410749307,0.8972871494922794,1.7731331481796824,0.30762391530967204,0.2399963447758393,0.3888551198679109,1.822416950486274,0.15710271998491088,1.8836408287866364,1.5767265460830193,0.226407606102361,1.9889545058731095,1.8058908668427869,0.33184972226586185,1.1764842297647022,0.3254213259777552,0.004179884386273702,0.19193099833422722,0.916441865801173,1.5522071075752255,0.32198517908342694,1.9874150192445235,1.954057328068558,0.18605773720234176,0.2647402698703286,0.049777249329040596,0.8890696827880775,0.7643158713842899,0.9157609524969107,2.8836640258686472,0.7291742268414869,-121.92877592349973,-16.888351234153852,1
1.4069286160550216,0.8856206459180289,1.6188500210407082,1.2788126526636356,1.3703748691300603,1.9538917742542314,1.9279142643275222,1.2596901668588851,1.4077029351911052,1.213921015335961,0.4253591131409322,0.6374060078981538,0.29454085111157347,0.684051721795216,1.2088799086198634,0.9312105704288411,1.1828654590556171,1.5466182262247028,1.243372571220722,0.6991515583732741,0.47072130178839133,1.5493473000954363,0.3956146793526476,0.9094237980552675,0.08789219273272297,0.38725101380488014,0.210160683455058,1.4122674411364822,0.36536546095990463,1.573961037696749,0.6811512433355207,0.069103254002165,0.1314271157585858,0.4821145503744725,0.7977640041951456,2.1615601676658893,-0.2051038789819853,-113.91451701261039,-37.1293856489064,0
1.149756254256278,0.4697753267041205,1.9144768011881288,1.9559038920312795,0.7124163437301334,0.2591127220187517,1.2625357223496496,1.1091152525900203,1.3112207156760998,1.1726614037061307,1.4680304447021144,0.043122788774225373,0.9346582175631748,1.1524147591470006,1.31791124008349,1.3883250152667603,0.5983082147377234,0.6427663703088422,0.5277689187186325,1.6993489552333625,0.27025384414451814,0.32031833684574207,0.25870237863748935,1.5545808862877193,1.9239568162148322,1.3713318446642433,0.38260505720674653,1.4107199553895546,1.2000225739133068,1.4016249469085653,0.24481968963002243,0.7626778655315709,0.9824704441186425,0.9445062122795324,0.48234441724822563,3.416818628807994,-0.4905941402501064,-98.49836809496304,-43.28408597431492,1
0.04356963080608112,0.004582324663420456,1.8182138446977467,1.5441064004590044,1.34128228603039,0.6391569319217338,0.043052841449934265,1.9914492223225122,1.2321434084092289,0.1003584151325656,0.23851651920279027,1.0335444883786056,1.5837321700622038,0.30186569138227215,1.0148544680496654,0.43080855566519327,1.5486723822700668,1.813801515144057,1.3242045303758931,0.6965123505547901,0.5751363042132782,0.8823941932480643,0.40158993737081206,1.8623033070479726,1.1226677304637585,1.418999762416009,0.9403897460437627,1.2696633419638754,0.5875280347557359,0.5007171326430524,0.7090423441164614,0.6991290683353857,0.47205692557251067,0.7385143564254827,0.986032269637646,3.604774964087486,0.5975388880681238,-66.52111540836059,-9.085831246994019,1
0.3268360279183713,1.6540559163577784,1.9844031565416398,0.6662190038050793,1.1698219530791343,1.1193415296249398,1.954874149123205,1.8524126020715455,0.7769316946853009,1.829730090950728,1.0469784619302367,0.5066462480711462,0.2149271566224209,1.413056034719493,0.20538370701198838,0.3594079177313376,0.3404293611917235,0.25568579600636654,1.9735567628330934,0.2955751356076166,0.5574754819949126,1.1471643868134647,1.5424948909551046,1.0413086282579722,0.9988149322674067,1.7382117397786114,1.1807647414245064,1.56090895228094,0.9969836509464771,0.34486726383969546,0.7944865198875017,0.6139536403714881,0.4806574374217413,0.41957107244965364,0.14606323864469606,2.4547319087750807,0.4710224991731917,-148.6980680186074,-18.48454755658684,0
0.29297890479993316,1.6771157486418402,1.7548644709850627,0.6000603701708465,0.14522228919922364,1.3932718176313856,0.7068019194175701,1.48881277168803,1.1787579915213136,1.6779054401259195,0.9505102154722596,1.7195267761720412,1.3116335239233774,1.643257158831038,1.3066825929289487,0.3618589930612268,0.6950520399247271,1.6007521412393193,0.6574924683741832,1.7560167378895915,0.7616958659326201,1.828065091559162,1.8547251936714098,1.2507440667204743,0.2991479110203008,1.3271526828085747,1.96053240528913,1.4657674966745653,0.2499738866905179,0.8132416747468201,0.27443502639375594,0.874547944043639,0.40063172072046516,0.7945159151463315,0.5763748360744784,2.92050544237867,0.9398955918795249,-110.05981431017045,-24.642733639568338,1
0.29744998127248046,0.2668076488252866,0.9061552603216267,0.8525766040492946,0.9852539903201936,0.3607261462448583,0.035767326014635836,0.8223991933808352,0.1891410662670563,1.5188307277856001,0.33460258457255776,0.17429355911829303,0.05081785524524829,1.1404654607741298,1.3081443390874747,0.23349009722738323,1.274578442995605,0.6441540067957496,0.6448929733854407,0.6208188114914797,1.6436713954580877,1.2080486799673504,1.6352214965821361,0.09994343051851917,1.8292515046680262,1.9589965090730328,1.015863867579146,1.6119638906852791,0.9135999224293314,0.03845365091342501,0.31756268202520865,0.4237085065542905,0.26788352788761205,0.22999206242065695,0.2277774235444293,1.4669242024321973,-0.19835030199741582,-67.00417581002087,-43.936028243309664,0
1.5168963502778186,1.0580223036480836,0.14573139044045624,1.8556613727318936,0.4759631847930832,0.6986015398619763,0.5166194771742745,0.7384754538847664,0.6880101885004728,0.6851013881173666,1.6322004127017906,1.235058995518885,1.884013318202979,0.31940913416217254,1.7918408999169164,0.13094572794142434,1.4769367642686018,1.6574421180562597,1.0370283986952462,0.4728849350302744,0.44112383377425957,1.8300018082523795,1.844002562430757,0.47300172763836645,0.4744627032887734,0.3228399418466219,1.1671806554521968,1.7853127157011723,1.528222757862439,1.3342362255486808,0.590372923407814,0.1916508616539745,0.9114598963415461,0.7299275786057434,0.17843943098845105,2.601850690997529,0.18232420416044315,-116.1386939231,-32.253816109829486,1
0.9997258125396837,0.7146735647488449,0.6320049486147805,1.750328609262987,0.01589841869436248,1.2727946156954035,0.6341581755879118,1.2566231605372409,1.5961975948879255,1.4100743226583483,0.33896778878300515,1.4054760475097199,0.7208761603511333,0.9300998262484874,1.5651002223811867,0.9844855965078765,1.124866555875113,1.3206141260501614,0.5922048430469065,1.5793853207677269,0.7026317861764213,1.1133634291836472,1.2880202869615283,1.0730596618021835,0.9557250645959745,0.9470064076434581,0.4081367619132672,0.8147920638590826,0.6892121891236278,1.4268096940052823,0.10404003673605233,0.39881763278959537,0.8874523679124037,0.030304913900913166,0.06337257900896609,1.4839875303479306,0.4983145670990352,-105.57909366915791,-14.176070085716507,0
0.9409282434569424,1.4993834617505164,0.11562684759514696,1.8941349908441278,1.056129394929181,1.9645322131720007,0.5122889808963305,1.7434121598544923,1.6448456184473388,0.3209217099895476,1.3875400329662695,0.9377259669083513,1.3074611871589865,1.313404533112468,0.46004737288090936,1.2320139679131683,0.7348652591859088,0.24327452441015684,0.23553417338411098,1.8229459650704358,0.9757958464278436,0.18986443380658224,0.9576402255210281,1.5261651483168077,1.9712895664003822,1.0609452620286781,1.2424290014660533,1.004751602676641,1.6317259607300065,0.30794486873702276,0.7649498789914863,0.9079744318319926,0.645564590967578,0.6621523500247808,0.8666066425845249,3.847247894400363,0.43991703655849435,-118.93380923327234,-8.177692035869644,1
1.0118525972659427,0.48924502169516026,1.7015566309601526,1.9213783030069362,1.3232807165713196,0.001120949846142194,1.143686339167096,0.37778405643167723,0.46429015609088276,0.9658168389037258,0.7028105528178274,0.9135842914434136,0.6265101333625307,1.6250316172636576,1.9336224254888164,1.6323853452276664,1.1669729860213065,1.1360589449914624,0.19987435521518404,0.42641792493982367,0.35270617268567106,1.3266336212948537,1.005828148011956,0.00854910825398525,1.5502338322463907,0.8829466050835664,0.24871397915537452,0.3823233394783452,0.3045785186230374,0.97572302629127,0.3473230697376717,0.4257982857944238,0.19175989629872436,0.7200011493172355,0.23941625688965595,1.9242986580377113,0.8578804722379587,-132.29714120280585,-22.502341294772286,0
1.568180792990072,0.37405841909180637,0.111781222125376,1.785281976872675,1.5934812997121406,0.12809418025175123,1.9113082417176768,1.6516042763019543,1.8809731317276628,0.03234595025213527,1.7128494833823982,0.9856285713984942,0.11985544884538846,1.4976976791025045,1.158166056592581,1.8945580120699808,1.418711387305232,1.0655210138892632,1.0000504694990489,1.5838643517570592,0.3263730005557799,1.275760089412029,0.40154841683644094,0.5177533621459949,1.313319903578174,1.942636085751033,1.4184737914800318,0.8394463087881072,1.6272499736340926,0.39822845465623513,0.16493083211112292,0.1906107542311064,0.44314100431852543,0.4419234028353648,0.3178781715115546,1.5584841650076742,0.15169373992429402,-113.73759191838118,-4.840742333009379,0
1.2155813201619345,0.47973054211393884,0.45359144322447986,0.6488861696361479,0.33357635887300696,0.364785188810282,1.0492675531548368,0.7283059304515913,1.4677646084654057,1.3533227230230314,1.78141372501032,0.04997923225743661,1.1356671319590534,0.5099201378304057,1.3416757955291014,0.09815670684028177,1.6382092203700878,1.0265467170821168,1.070381748137033,0.5580961654393475,1.2353584040763663,0.8031426651751519,0.693862715614473,0.766688525046572,1.3530319894731786,1.8303912199165921,0.09043369873190632,1.2308494463377455,1.2220874242742314,0.7475468194519765,0.1278865216762547,0.13568766708277336,0.7930519784529555,0.13315434454907615,0.7059672858627788,1.8957477976238384,-0.3777976058882258,-66.72765973099266,-23.22714506440626,0
1.3579455049262463,0.8665592649676646,0.4460366382320715,0.7103613012110996,1.9151129065136212,0.27010671553269594,0.3556063727038017,1.7726848691911632,0.2500183852222517,1.6841913088692742,0.8520149130456054,0.93544505362341,0.9279119158431464,0.42792014736942985,1.0625204894679767,0.10704342848062609,0.7255027919121022,1.8301543226050407,1.5540923539384008,1.885092758545253,1.2297044745801167,0.8652724460792043,0.6402031289056258,0.1719546015588458,0.6914606645876993,1.8327206008136552,1.8468603703285518,1.8675516820871774,1.9991073389559881,0.9273835312257439,0.16265055266201112,0.9468612016199269,0.41126640307771445,0.959352839521478,0.09155966084559797,2.5716906577267284,0.6985625230482615,-51.14493024168302,-44.546847729398415,1
0.739168681935372,1.6970546021162922,1.5356185549081194,1.273181775169203,0.1896140523992269,1.169632749650861,1.6621968075773794,1.214607239862326,1.7521996692272943,1.4446397624457625,0.9308578788373081,0.7320440989081458,1.7457979327768745,0.6358536696181387,1.2340781158980008,1.5874316082333073,1.660197512368542,0.8999727181064479,0.683206546658762,1.763008870963144,1.9024725950282388,1.4860893464452076,0.19050594905355855,0.7033382569521516,1.672304336551679,1.7670375506769755,0.8873154115987278,1.53415510830956,1.5663851434508966,0.13216445169866176,0.8477820034035808,0.44767770370850046,0.5091544919942502,0.6220958149891599,0.049519241389438085,2.4762292554849292,0.15675024922691083,-99.99929536165224,-4.021508914431432,0
0.39316218599655706,1.5145413429375685,1.4844976060419417,1.308829835355917,1.360771418335413,1.7333082934990658,0.6694825185168469,0.8969728844816622,0.6731979315756531,0.2773848266087138,0.14898626538808446,1.6222394892102,0.6239387118307174,1.7891688038613958,1.0081461275684793,0.5804882802007967,1.797564626722586,1.5298499384116693,1.0118956034642337,1.7907449254928864,1.3153855693473435,0.956940106876224,1.8043951115638648,0.17606313603004553,0.23009249072345805,0.6153060325542095,1.5568627374647281,1.5171519477902968,1.6479118516830142,1.6391253248060926,0.16420511682332317,0.5972545821537076,0.26120999866196704,0.8755139961551553,0.8055772292183365,2.7037609230124895,0.2540476856393188,-125.51566275088413,-24.432595210368753,1
0.7128959039157612,1.0320797107900308,1.6168626787681128,0.9807824325839412,0.3951747717449625,0.7951271486763862,0.5483229536766372,0.6029651494434065,1.2909407369059982,0.5746374195121575,0.1960903936530447,1.4520449483075581,1.0181259463847236,0.8964052625268337,1.1855741647205746,1.901693903727107,0.2443087109729023,1.588914200059146,1.8957794544618833,0.041000537357393174,0.030554673952243983,0.7775531990211371,0.8327167757771698,1.2491638197974126,0.6425615681474213,1.2706984671943617,0.6265452997313976,0.4182158514792085,1.1570870403052262,1.1341115232745569,0.03486634246605336,0.14627892542561427,0.31158463632455136,0.8080310312374557,0.48429952771951035,1.785060463173185,0.006297830930794279,-118.38453342376535,-4.9235800617861205,0
1.0543624416051134,0.8118049071442237,1.045277300722147,0.44736972879065884,0.35199182993771605,0.7306484619858407,0.6338978473767305,0.9419409909392502,0.22229679168132677,1.193534701223536,1.148290666507749,0.7917302280459659,1.7251988956840072,1.0043675255172977,0.0401602571823485,1.779651609434509,1.7049842623593452,0.8260211198528986,0.5475279061221032,0.4134686581663489,0.10857809459698076,1.361479970831472,1.154241193374469,0.2624152846266823,0.4040456111858992,1.4452995521354903,0.6436012117043675,0.649077453162699,1.1777049842535894,1.7183603103776868,0.26547458824827963,0.17353047327146076,0.7666695472622866,0.5846508336995465,0.26473735192014436,2.055062794401718,0.8224848695684659,-131.38491286538368,-12.40243936840425,0
1.3366856680468726,1.3971753906347453,0.9669861719525461,0.837646988052607,0.3507100468018365,1.123229264519166,1.6099011292979641,0.6668835270744888,1.9161184450335909,0.8147402833396367,1.328313687532625,0.23777678265378732,0.49148602481801973,1.1372553282170055,1.2337577606645003,1.13539150505279,0.9521679752497119,1.508811872235618,1.3684776471251452,1.6727202703114907,0.912096615831562,0.053278291836336145,0.9849875266839094,1.1685838837971458,0.6509934836474531,0.8481024999731099,0.5184175461644993,1.0769927606767333,1.456168596293033,0.3812456947619125,0.30299134010854034,0.7058251216779692,0.9849783261816499,0.003804569962529092,0.17435624468068533,2.1719556026113738,0.7304393369693438,-66.7526565994914,-1.97852378217791,0
0.3756275714368422,1.0726345859269362,0.7313002238171009,0.2454156842239541,1.5333085815590843,1.1127054537661996,0.8389551097038881,0.7080913372508562,0.18744790813656453,1.2999800510889037,1.9936923762564203,1.9629226377863118,0.7196474864555606,0.13792132199864882,0.14946177472202282,1.6998221875034132,0.6864183903127503,1.5005315709774083,1.125480409330526,0.49787995243951566,0.5398520064022811,0.11729788417437614,0.12861314911720378,1.0980242164706295,1.7696511019267833,1.335283827492475,0.5841403964439846,0.19473873101052397,1.3296752372966467,0.544694606812739,0.7856722413923789,0.5692256616266389,0.633000200490098,0.7943408240385867,0.9432553523106203,3.725494279858323,-0.20098867936804993,-141.64924267570393,-18.66426164483648,1
0.455263413665439,1.249650994729676,1.1458645256190232,0.8799110193699218,0.21168308980320605,0.0630771370375669,0.6318714726024615,0.9216241861891521,1.8462945187246522,0.1414931612172723,0.11349600812205751,0.323341395304938,1.1116820490756842,0.8101398079674553,0.5725759221373583,0.7924813135317657,1.8904262270446055,0.4628427830791171,1.2736032552981646,0.23122402451760848,0.09831883886324921,0.7420034610568174,1.57192855143541,0.9523355500260691,1.7230114809939048,0.3315390444393971,1.8254702304327666,0.5374239944988333,0.197365657239035,0.5879441361928244,0.38158193074634195,0.9658719327463571,0.09843458760411994,0.3754943378756571,0.2934121165414171,2.114794905513893,0.5468916206770671,-113.61844653875991,-15.465528346830254,0
0.1124330867428931,1.657631492531979,1.2500393525759916,1.7344778333710966,0.3937462251783872,1.156318465528382,0.5187605961214539,0.8080010382590579,0.051096146791885344,0.7280723137250666,0.9833336729342983,1.0726353686577987,1.3549056027991975,0.33218332478033563,0.6918630385250351,0.7873573330882555,0.22677668858063105,0.834210026822293,1.743286287261575,0.08082839595005331,1.6678876362055501,0.902849003237405,1.7131890382991266,1.4908596008071815,1.4731141041730171,0.3715128472075999,0.44256422184450983,1.2035793994915327,1.8087857251718884,0.5631414850892225,0.9345230349218169,0.75143604562622,0.23384147306992065,0.6732202269650165,0.10780655646694093,2.7008273370499154,-0.20457996829230646,-116.07348166738511,-7.131257413535247,1
0.15446821554785695,1.4658434731711825,1.8180293844695368,0.8251636211396189,1.4756877532305008,0.33865749229096775,0.43285948906974747,0.6964718815189903,1.3124344953154585,0.3398679567016354,1.2046467067703202,0.889582918060418,0.29408420002134794,1.9093100465088308,0.16796093090736197,1.6031832547872578,0.9346036060875649,1.4720090963388366,0.7657863146134787,1.5851269842665643,1.3428929807573273,0.3524217238530791,0.5689212151801102,1.7268963461401519,0.8881476023255579,1.8745967767714853,1.9635978187259575,1.6736754300493077,1.7331379846098431,1.9248931850697,0.10020884376243622,0.22358476377888392,0.5240658156971804,0.3607020423977866,0.8543152704900902,2.0628767361263773,-0.31778358464272594,-80.69380162404073,-46.94478851633073,0
0.9530411772385703,1.2035614829002148,0.9192010336660634,1.8515735450078212,0.2231306400154709,0.6568058876962106,1.4413504687538907,1.8239117426484386,0.06397402000134544,0.5574213207723213,1.9733944469582871,1.0677848711543472,1.8014467510627432,1.677380059186713,0.5250778249966592,1.5120041474513348,1.305066420982919,1.3101209770102809,1.4331187406243073,1.7699611056805553,0.21210371483259483,0.21506401512153284,1.6590176421918192,0.6394616021436659,1.61033821657097,0.7497843011313823,1.3214526067176975,0.203908419931498,1.5637204885916054,1.3907423721237921,0.8918795598901107,0.4889648197424995,0.954673616913894,0.7854341101361084,0.9396354363397579,4.060587543022371,-0.011253419146037669,-78.1734164093137,-16.131715828227904,1
1.22521633381031,0.11201098043578317,1.4414083097356072,1.2334869822431402,0.5021363438773747,1.0639814499465388,0.7757110180605125,0.23194173195435552,0.26318156738110243,0.4441693237375972,0.004211714914879705,1.6900233152334327,1.2304013717790816,1.8338154754822173,0.3326832836281759,1.2659949710254699,0.6391558937003434,0.5801041861793377,1.3444832938358686,1.1405041453449831,1.989998522475799,0.1261070971384044,1.578098362284913,0.44658137290155686,0.679742787219419,0.33089049796770875,0.47289794875267943,0.2763412633365847,0.10194399105499086,1.6190227792660346,0.0006173953594852399,0.3939484899961003,0.36944887950468064,0.06209973711581407,0.20935851248368897,1.0354730144597692,-0.1126943925759118,-100.27937632214159,-40.107558120360586,0
0.4312969044775554,1.6852572118818043,0.8394619265501282,0.2544618403356784,1.5956403252983222,1.3554877664695135,1.4987862756524617,1.3934900833831598,1.8214208804746705,0.14127173781166436,1.2434705718321755,1.6147802055894949,0.1606945264935835,0.6494238732344588,1.343739200510431,0.9480059383616859,1.706003140091075,0.5228087134478634,0.2978289122341444,1.8952018100559183,1.842361479256862,1.401244358221005,0.5667549872931585,0.5334032731107872,1.1838883125123942,1.0905622961889108,1.9946384065377027,1.3721899851235682,1.54039941104732,0.4252656612326329,0.2286188570355181,0.35007856094237755,0.7184847204562894,0.7359131665603682,0.5764606950495749,2.6095560000441282,-0.30474203810579875,-93.02689343902973,-46.77126238251256,1
1.7252595591105073,1.521087361390749,0.40543772107928255,1.3140239765225574,0.967500154580142,0.13481528655028407,1.127421859436335,1.4190555409227825,1.5680702631863777,0.277767975317996,0.4229882977265804,0.33250776530642945,0.6527873215040032,1.12264502758977,0.25606504835788724,1.8586028566240664,0.4525842070280288,1.0136809958025075,0.17348681518612286,1.0370030315740062,1.0372147589304619,0.8540754948196672,1.5024286584847777,1.4830018970916676,1.6517979408017254,1.3373850480707292,1.0755962943212083,1.9243894861952944,0.8379067903739013,1.9370608154960531,0.04288906495465017,0.2956931080267232,0.6543132268331499,0.4719364317080257,0.3430960820234954,1.8079279135460442,0.42638502240166054,-132.68405961614116,-29.656942421072337,0
0.8058389527898935,1.6959947137350968,0.4065378061846594,0.9831685796205112,0.4729052016188344,1.368311134974081,0.1510314992346582,0.39664818050308015,0.8804396831506298,1.1966969099853557,0.838649342377165,1.0313738258373775,0.8881548424458672,1.9953552372818657,1.5386069568299408,0.7594995051949687,0.08386157628641322,0.15874533287463843,1.2557592763488619,0.6845364046504754,1.8112014224933675,1.1216184965388087,1.596224039930689,1.5663114332735601,1.5028675680706225,0.05829768933939161,0.7882496527448453,1.9053743397966878,0.17152069436457218,1.809053578593625,0.1819971660855071,0.7887406515294964,0.588963605339399,0.766306718410737,0.30738156326903254,2.633389704634172,0.4101222141058547,-76.06404289208008,-16.64821993574779,1
1.6886720328885199,1.1872942885117608,1.1617512392260192,0.6584485689937654,1.2771265548789943,1.7410252610270323,1.4516757354683125,1.3531404662750548,1.1478294328094072,1.055561904792719,1.2767188217539136,0.867722938767064,1.3865252523850395,0.7137431000753067,1.504261168304712,0.9684779819952949,0.6562832790635462,1.1756955292955753,1.4885641509296068,0.5323769582664601,1.921504190398402,0.22257802097132862,0.4186711857875436,1.2821125654072294,0.009563114266337047,0.47004136934293617,1.6529171346602718,1.196795566778831,0.12909824983321694,0.4357260680206523,0.01479342966363284,0.2799097897412173,0.07492137789443054,0.9542110647113787,0.17852943188132064,1.5023650938919801,0.9711784073317626,-100.73735151447713,-29.08037398645461,0
1.375358008073835,0.26541669301404003,0.6003184994052224,1.8567038133997846,1.1268396360723945,0.2795196720935358,0.9349889414139809,0.16084555491383457,0.5109201548436966,1.9829310399047357,1.5343449039083485,1.8639556235242174,0.6708303528959478,0.10539776236425258,0.13368145839102952,1.1126213347126115,0.5111289436938793,0.5528789966637242,0.7391259312260476,1.1972071731817655,0.9017740230277544,1.0797384524538005,1.7224049089972449,0.32464911572039634,0.303820146368059,0.7736054176825449,1.2860167843631563,1.4171242107599569,1.505593953621614,1.879465555601953,0.613327564544052,0.9804632797964705,0.029724999001787933,0.9695072812404993,0.03581297636669434,2.6288361009495045,0.3732976469772654,-59.84217891549237,-19.143353344511628,1
0.2145416852476203,0.6708693358489672,1.2560274299415775,1.3740937910219857,1.427626102124771,1.3836500377558432,1.345947602309834,0.9149150903303298,1.827474321482893,0.06950795079428129,0.4914039992382593,1.8288815580892386,1.0032811344011374,0.631081048602576,1.1166772943649768,1.0778171938373804,1.4484444978314115,1.9508770559873596,0.8525110719999458,0.6485272087543212,1.1604004491157567,0.8890522156727316,0.46997260349387937,1.452505578416445,0.2587100213497333,1.505161202911662,0.8740793190297875,0.7346656579844517,0.9278329815547055,0.5905887167134309,0.8488318682643544,0.04340207360644488,0.26465700343282406,0.5789784401246095,0.33174780971686957,2.0676171951451026,-0.015045940999418306,-83.44608819554443,-49.12873679779599,0
0.6135578553354255,1.4586411111713613,0.7550804530100692,1.5310225887350442,0.5467438567525771,1.1689523889037636,1.2743861370741818,0.9721596096002023,0.3522152069328548,1.5418291212974016,0.40863819083534225,0.4736772580518773,0.40007589383975795,1.7412448630737818,0.21063591268438175,1.0087530150171495,0.8880454152475645,1.371693243468593,1.1933538378543072,0.5626242907616563,0.432352746792831,1.1142803519655502,0.8236098824342604,0.4500447350390171,0.5997992833473706,0.8315462604980866,0.08116065801845629,0.009039678892003522,1.7789354047883732,1.21974437635669,0.9706359596823385,0.3192148118365232,0.9553734267697248,0.7064867721806012,0.12900513168011718,3.080716102149305,-0.29050702359998287,-85.99774664787955,-26.62105632621095,1
1.3103926642711383,0.7727895488889314,0.32866682056945695,0.40844825922784955,0.52266329601551,1.568014919943671,0.8720050404834281,1.0525466293641277,1.561025724110274,0.647712908481282,1.603090273879801,0.3300037902690698,1.46549063652226,1.3994659295994802,1.3229205302727873,0.8431659249070083,0.3201578888618253,1.0625347966909722,0.35999255259074947,0.8923290708055263,0.11828594113769109,0.35596354322636437,0.16254506741949615,0.9847348926406649,0.43756047283362154,0.023156377763868585,0.12997404745450236,1.0713218654945067,1.1348427129453549,1.5710537552257307,0.8121762976830347,0.6260444374257998,0.022990552705530742,0.5684079353076392,0.20123522982422204,2.2308544529462266,0.11864233997947093,-108.08002962510774,-15.937214527649267,0
0.14110175704709826,1.260959360517576,1.7751188537772948,1.4302716536696374,1.3773306190395975,1.2701858044856793,1.622721625803474,1.870204335999571,0.6292805139212883,0.8297219570930898,1.253938508825069,0.2577520305088541,1.6596996176981182,1.4510499154025671,0.5841858015367125,0.9431982503358907,1.5263964193351034,0.9581520230701446,1.235955070117554,0.6761946700940191,0.5808001517831656,0.2182639135472939,0.5625956586492371,1.3624712134567285,1.9992600816019945,0.9259877444500262,0.5517180304812381,1.9699631968916262,1.296885087670908,1.7264042654296539,0.3214216829798535,0.42765178284437333,0.84642362001653,0.4493914401262542,0.9362677740406212,2.9811563000076324,0.6817353490718059,-88.77833084676394,-9.212883123307257,1
0.9094494305103955,1.9288759334886516,1.7366498343263748,0.7012992344429028,0.16746430938404666,1.5287186841759537,0.7261600530744758,0.9393689010563173,0.3367651638038065,0.2729468902425167,1.1119558808046657,1.2285559469615748,1.7994020307594871,1.6552860457896599,1.803320655046414,1.9672395251545793,0.41820431758228316,0.6807093030549356,1.8412961381837694,1.3089992276904445,0.9250641883047164,0.8921740531481646,1.6577549601013517,1.890852511635949,0.1889887940719277,0.7303221928887986,0.8818637404754728,1.2275895472610214,0.2823701636894327,1.5266913903106256,0.901943007738228,0.6101037694612587,0.6228372011193124,0.8265493634752937,0.2017230748709783,3.163156416665071,0.6666289435616357,-143.3941862089212,-35.17676477720275,1
0.3064018825041366,0.9871756141033594,0.6466053403330443,0.838250101834978,1.6574353430218327,0.3431568754794019,1.2677877344538684,1.3779678922211303,0.379630845697307,1.7110856341690053,0.09060331491730755,0.6368396655799329,0.27848897039661447,1.034180702004073,1.984687244238927,1.5416917661133016,0.04694139549018206,1.1902190395821313,1.0248405643093748,1.8572527557040903,1.7533071488754433,0.38252400449718427,0.009580491253298629,0.12541296786896328,1.9583286396493231,0.02737568971366655,1.6954824447524437,0.18517149297973434,1.9699336579840825,1.9650030408648984,0.943959041752561,0.6618056335736066,0.8795838292147012,0.7690204265947327,0.015554726495040527,3.269923657630642,-0.33549505537186536,-105.78956828438072,-0.9039858928358457,1
0.21235775549838753,0.7919271342177192,1.3492121343708006,0.4434751721959709,1.6937010127311454,1.7785767533907288,1.616271122247478,1.9769064507374443,0.14931566056760115,0.4151925682192026,0.8228849939171878,1.260364355336444,1.9640040794935718,1.5390717846098148,0.6207697301560808,0.9006820153541657,1.3462972245552205,1.4597496538275019,1.5281887562815355,0.31166745105008187,0.4145133010052633,0.6117955927269059,1.2099092356788437,1.8241758210157206,0.30186394562196117,0.5290081789396457,0.6933312443401001,0.2747207965070537,1.197705540587262,0.08613408856479454,0.4036244827680532,0.8366921238540426,0.36560249122701416,0.08000116612855146,0.4979717143624498,2.183891978340111,0.40761811096020173,-110.70540838924705,-9.111690546659329,0
1.0037155190392184,0.20487229212806146,1.9267772703290909,1.3394479034816889,1.2203510290007256,1.7231093810557674,0.14611234072402457,1.4914428801558843,1.1762465788141072,1.91824843780098,0.7765868658780182,0.8330504103638021,1.4792663755833597,0.6640129671259576,1.7947583922306451,0.8969017863109208,0.30498809799310767,0.8283730683577315,1.1278736100577196,0.8259006875175938,1.5435024971388056,1.5623323416057449,0.04752850194067548,0.19763585028102426,1.7497164712454736,0.3079783531624989,0.8454033456561731,0.5236950612776965,0.6991747824279426,0.6506519852624653,0.8947214112609999,0.1943115170369093,0.3432834532696343,0.7731553172812363,0.1820239560611281,2.387495654909908,0.9134374095900635,-60.32906281744326,-2.0841184405313964,0
1.9428293299092785,0.3547758049880039,0.537047383019783,0.16765801413029635,0.8435199110825746,1.9855495748130332,1.7285619641325134,1.0339921643190972,0.9578949394209348,1.9435836045440087,0.16396429324952844,1.290136014137578,1.6375469415824817,0.5438749869500501,0.8887648365484235,0.7333172574515359,0.6235488595093499,1.2426470090299586,0.9086752177479498,1.4008437990936848,1.1562126786733118,1.3311798161576223,1.5009498019892662,1.6228707154214912,0.918327167160927,1.0168213076301194,0.7097564589673726,0.27407892527995514,1.4188623677964542,1.511700541542409,0.38684878921271704,0.37123387325358137,0.8620572892424909,0.40930862417564307,0.6103100311338366,2.639758607018269,-0.07648003783782559,-106.79068602629172,-15.330551163677653,1
0.795167257881001,1.7076691308443153,0.7708718771447396,0.6492514938581764,1.5714725554867426,0.7281937964271077,1.6557532701011395,1.6537764862407665,0.6337653870253375,0.3906524890021372,0.3103164687288966,1.2596363375510935,1.0402152719326865,0.28120428673937625,0.2885945210802152,1.1259300611773528,0.035941814949356,0.31295423285419655,1.588027739976878,0.1059678939760913,1.575894886917754,0.3218499729415336,0.1941068814570761,1.8458586756350965,1.3936190500405412,0.7628009174209756,1.2286860336198009,1.0959769493927027,1.2581040914537949,1.3058527747036237,0.5496325242429781,0.7531644227121024,0.3938144395169164,0.12893333838536747,0.8093614964373854,2.6349062212947496,-0.13014322462914224,-142.64701949895783,-0.5242850623890405,1
1.765009269400056,0.7724551373247992,1.6705610864184615,0.8094292058116386,0.7737454578432319,1.002411040711732,0.48561447178763917,1.3217005788212783,1.2237220932164101,1.2472539816020816,1.3904602347068324,1.8559771014751565,0.11790185996051838,1.6288076349673661,1.403894517591766,1.9145119309291,0.6882846339834254,1.9663095647984365,1.1614890233003718,1.980016757625194,0.8942701571940972,1.9115553548341453,1.9319197011615141,1.2585255486436897,1.4426555728307104,1.4997050620332735,0.283940961422408,1.5324771186378368,0.676740915293774,1.4079876344941984,0.12449227671470897,0.6145361234109957,0.014933493617987126,0.2527749618497048,0.8836154495625108,1.8903523051559075,0.23251673207305523,-137.86987903706307,-13.155487817193634,0
0.2613589966767036,0.1740201578342333,0.04133373144084862,1.0664205363383288,1.8583731138645692,1.7599858728384765,1.182037494038449,0.6599238208450862,1.8339603504896926,1.842721040406655,1.365833364009425,1.1588079356631564,1.5973476255224044,0.625580407490661,0.43026469612260176,1.1038354264824533,0.4033897020997408,0.3764834067214531,1.534927190998137,0.763681356812981,1.0994270395315608,1.0010388915466413,0.16966015185078875,1.4781897714122685,0.4429648752159494,0.6772576022181187,1.409930828568722,1.2623743232735705,1.027013581886265,0.10742395375683045,0.4038262824221599,0.4645435700733521,0.4387958258606266,0.9684260324559492,0.10800397833210862,2.3835956891441965,-0.06976425571519074,-102.43841734926616,-8.60126573059629,0
1.6303737143061643,0.9832132154897664,0.8999373582913215,1.0780832035502232,1.153107373526174,1.1443885610552849,1.0946385772268576,1.6091341498823026,0.024458415912243847,0.2827822892710161,1.0296617234461913,0.9353629740978155,0.4709399912948695,0.9914131490035409,0.3883700900043361,0.6101492582575032,0.9715062761970277,0.20771392982604153,1.793629942488371,1.4974963695615677,1.5436577960542721,1.9317953578769216,0.7792081302123253,0.540390156910141,0.3396200738638915,1.1905130898894873,0.13858767491103818,1.172592187277913,0.6908432305908145,0.677034963726429,0.2244747834997478,0.37888797632474824,0.3827882080745424,0.3618001146003754,0.30665942870613294,1.6546105112055467,0.38317308039654807,-126.14221715920138,-6.979247327992177,0
1.7002314850727316,1.5682271033023272,1.2925888532508,1.3994643972906864,0.4813959819387923,0.24676470657449157,1.820861365118212,0.9430228608435056,0.9393602569684738,0.3073098909193839,1.3752417796788412,1.0073117137350824,1.192734001328841,0.07750684474634184,0.8455463844536069,0.22384401428059264,0.8195791132528731,0.8260984362915407,1.0044857705823296,1.4086377043785299,1.2205478868109596,0.7505390184323362,0.008809540728466292,1.994239086078457,1.8375601836007485,1.3478075315319384,1.5111710593303023,0.057481972450584395,1.792796589817907,1.10613753747299,0.9684753497752984,0.3489802867355185,0.9154760009663598,0.746331326663392,0.9703172772229754,3.949580241363544,-0.17880310087363593,-114.68936084408723,-15.172474222086507,1
0.9344297263556962,1.7237069335673858,1.022198675854051,0.1336198799423982,0.9035264095403261,1.6223710459190364,1.7649326890400727,0.5505233149502173,0.7703877877115879,0.9312668326963174,1.9869786779792427,0.9138705328735393,1.4522079891857294,0.14103700254774565,0.26596410812676186,1.51407968780108,0.9525505187239423,1.1606243967540109,1.0644383586175776,0.5955659881085684,1.3692758928375708,0.6071115658130957,0.6374270616384721,1.8601689074659373,0.021758731983340107,0.7345093305451134,0.12285346661390673,1.089543300677776,0.5861195408379816,1.695801127292746,0.8233498086288475,0.9249119666624355,0.6972252817191117,0.6856999793010681,0.6031700810084208,3.7343571173198837,-0.4563173059283164,-56.13688196303423,-8.359152192650788,1
1.2005907597047067,1.3339420399299413,0.20764604525255126,1.3695141649808316,0.9918141795941902,1.0934416458573235,0.7454804414119018,1.7277491695998952,0.7650576272351086,0.8409999620203747,1.0818023713304132,1.0428085855693572,1.5031366989151136,0.5675561817562764,0.5624169452684429,0.42506696785246456,0.9007796710851452,1.4893772051821235,1.593786110584228,1.6419954907257426,0.6886195208191235,0.046746700067845426,1.033842129782887,1.6730091631046102,0.16167704250110337,0.17938862348031193,1.17232436011852,1.5520976197515044,1.0509515272230079,0.7466542932940479,0.5379708914879925,0.4228654992971511,0.3124065717220357,0.7434498388131685,0.9912015915003537,3.0078943928207016,0.29046361874252824,-146.78750264069663,-0.10077826907741727,1
0.5579706998350276,1.356271923874311,0.0893894823846837,0.5086778585652867,1.486428143526945,1.9061279250044747,1.2627468794032422,1.4874559821759696,1.7807536388378926,1.5990925108217409,1.3684105306591665,1.182818413202963,1.5232537606663075,1.1325412973827433,1.753609589175613,1.3059849360635316,1.733955889689644,0.10069198420929237,0.18528195303737083,0.6865733391166984,0.4464697600176646,0.5775456406691963,0.7154421453695388,1.8260755522979921,0.5619458700602926,1.5712601790444838,1.5347834623818633,1.0890101248885045,0.23680442034369276,0.055876186880326584,0.6786348002931079,0.3520367936174329,0.10184514505757258,0.6023307585819472,0.9689292697955747,2.7037767673456354,0.466670735075962,-93.94980571545199,-6.936395946352958,1
1.5696595996963771,1.471171110528927,1.8043045918272835,0.3663913739522626,0.7835282982896377,1.2837697365772343,0.34866749251827733,0.1080659869293632,0.7439952526779892,0.9793975167847309,0.1852449589441436,0.22442862107374761,0.10958565805400577,0.24069652140165987,1.2203568265633713,0.10044956249253634,0.3365842822195355,0.12504696988927733,0.6059845703884978,1.467414243286192,1.8435319701631123,0.08952001565759682,1.6835549391963764,1.610663848773105,0.8139214161731394,0.9723203228730766,0.3028828677197273,0.07496617779233339,0.35362577493687564,1.8190187699562939,0.5147250013134042,0.28933999401683774,0.4303565551083497,0.2655308268943627,0.9279354176155721,2.4278877949485262,0.8116959392361593,-115.11630314557485,-25.715275179347884,0
1.1481587669313993,0.47482273518684726,0.8954935717129588,1.9387898195528432,1.0940423685255796,1.320320611166176,1.2360118607005914,1.8183719618856151,0.21022004434815877,0.055565234841095545,1.2378712462423667,1.049827277649983,1.4412841196241062,0.166903641300727,1.1112856642214364,1.0903122810340335,1.079499901560101,1.5392018149659163,0.33681694836034404,1.6785559497075984,0.8748502544350814,1.024674143634994,0.13893577420203118,1.8097499803810264,1.7948135996580268,0.8157174549933419,0.22040764555959336,1.1748329309572754,0.6843768983569685,0.5142437031144893,0.476833011746968,0.7076400069433338,0.3495770127759328,0.35239324709326625,0.5308124887119289,2.41725576727143,-0.36931223206715924,-113.68314837014614,-36.24152034850133,0
1.35375354374842,0.6099645347756648,1.1001358449517067,1.4299597437560165,1.1021830468686742,1.192880887698499,0.8591270971159721,0.8377788646081918,0.36285032605936185,1.720683101264681,1.280724905464263,1.5449484661461808,0.2559605730766603,0.6850055484050868,0.3120715447924438,1.7446045213501047,0.637513788381185,0.1088868708586368,1.2790951431980888,1.6193216051458972,1.512001156970534,1.037583646999065,1.1641950966662653,0.9267995009615824,0.7699356652749385,0.3314486357111124,1.0608670786555154,0.2534685281488871,0.8061693185177676,1.2324210931419104,0.35451330874378306,0.24842818523712296,0.5782157056518267,0.988389452934057,0.11976444180409418,2.289311094370884,0.738953714852697,-89.00608051027913,-11.50469089703135,0
0.9113625690737537,1.4393707573469627,0.40751113423361285,0.05010618647595977,0.21652598454888383,1.5494559596637154,1.3025606338212707,1.6755015139664429,1.3090615331212658,1.7439669849679886,0.6171184866234114,1.060584818610955,0.2881149920640882,0.8873654313065671,1.1647565226775098,0.29310741145981023,0.6551970492804411,0.06314422931399899,0.27157089037567594,0.933497932623464,0.18936409538069654,0.06106657452788089,1.4415526377784083,1.581361086798492,1.6827668415196786,0.3553728864161392,1.3877400641808657,0.8345202256392539,0.5423710899030731,0.06664681998113586,0.2357945712332996,0.1868524609858313,0.3571345906102752,0.9349439019616667,0.03162109243833933,1.7463466172294122,0.4386527103369502,-134.2479966660615,-35.00339300255077,0
0.6489470619615318,0.026513378318284708,1.8844809645335379,1.9995073638552272,0.26894803664330924,0.7852425545316275,1.9856127510123296,1.988379890834336,0.7080691257122151,1.7057817556313737,1.859455347405487,1.320336916846534,1.6677975461265448,0.07279876838024801,1.9582080812907539,0.138579118209335,0.6427123712141705,1.585055636191272,0.04170809193266556,0.2720574874486532,0.5576520410162773,0.22053374636056056,1.8566877154647885,1.2647861070507054,0.13569901635743586,0.7787522655918278,1.6740730895535232,1.4087351795778416,1.6235937745002522,0.9572544995943559,0.12532288877588849,0.7530115542111065,0.7497972501693978,0.7410700491149244,0.31534244637805087,2.684544188649368,0.6454767150650094,-127.27824133524977,-1.1737130769026272,1
1.9703719413361214,0.31485369186589174,1.284862948723461,0.25288502571650917,0.5173771698938952,0.9080635503758658,0.732293884962651,1.6926413349688507,0.5922897499418935,0.6692264446619107,0.7580273896887408,0.5067141359166079,1.424768332193516,1.243448858678532,1.5276162874936863,0.9868332357385892,1.9579522807422491,1.1504754461741138,1.7355040353706754,1.840106906800381,0.04702096576722359,1.670015357377239,0.8558881290657505,1.3641075801160458,0.8545880358562274,1.9339302857519292,1.6709992686771105,1.2951706889916563,0.03628467165651683,1.1358731945166287,0.9064341469869434,0.6773326032835084,0.24581376007260614,0.7226653518965624,0.1519531360560039,2.7041989982956243,0.7870230084679932,-145.9130503624063,-25.70172711465567,1
1.2628243671174995,1.7016894420502455,0.6344465026573565,1.5030393134558415,1.908488821608523,1.2692360029616998,1.8571141513008733,1.380733860447758,0.40332770262079154,1.5096552699439898,1.7951743329514966,1.8465674207133056,1.7878827007624873,1.4975925732680304,0.7081982696703042,1.5878188565290563,1.894820118135099,1.1937920139568152,0.7672534190598506,0.711734818620559,1.0547917687495165,0.43213341474580713,1.9309860473608584,1.369313279152224,0.5466744176001614,1.4002285327805188,1.4671886274959107,1.8753594118478676,1.9345808090520207,0.7819627622849907,0.47282038599045106,0.7874995075328657,0.3854907595216349,0.11774160546031531,0.27817870954190105,2.041730968047168,-0.30889585259211794,-122.35946528338931,-33.50190205743542,0
0.4079708287470696,0.09319203419039779,0.43184117127114985,0.6349618773941474,1.7277786557603698,0.9419222269840968,1.3206285005689289,0.9045701246102182,1.3001754589050116,1.0521110398737026,0.314183774550133,0.8586291084440942,1.0984496744517378,1.250337269849872,1.4896532990602063,0.0742121513709526,1.9417576047255773,1.6582974220553752,1.42248634535033,0.5348606949200954,0.6596796412884278,0.47166723002978594,1.2865845143393908,1.920925428941429,0.7017124478080645,0.7027404569268441,1.7150268020261574,1.4658740870259557,0.8024785332687285,1.0310901385470705,0.903353578545502,0.11894213475639592,0.570480792493275,0.13323944983427027,0.8924179882751856,2.618433943904629,0.13471677347010447,-133.17602068063792,-45.18857788254405,1
1.4260539043701028,1.3516989051908268,0.65963282097909,1.5069517673243897,0.8575433624681101,1.19244502893543,0.9677290011992157,1.185202118957726,0.28238668944558154,1.1109517419610493,0.43736648757685836,1.4861822236688265,0.3378262158155494,0.9097797258805285,0.13643759320103,1.7479903320110932,0.22050987978316194,1.4075266120812853,0.2585976749234422,1.5606180510857413,1.2931703317574264,1.3812305540777707,0.5479423719991043,0.5402479337032748,0.8179806429954997,1.6222808344805686,0.11811863739898998,1.9690509957634068,1.2074081594164918,0.817920444459306,0.7268527638123653,0.7516291365590677,0.7804967662689879,0.8276261764225213,0.8628683075816423,3.949473150644585,0.9434789172407685,-90.20839648809137,-19.026967529233087,1
0.1480613153281385,1.2425731739119485,0.06391767820280614,0.7078923144393565,1.2730850700249001,0.005938859381064976,1.570183396835311,0.836703410818697,1.6848784543606323,0.5044062489422858,1.2899639378261432,1.046123025916305,1.4644351751171039,0.3946249934438737,1.4121208740805413,1.5858373889015853,0.972808062051876,0.39259995989900376,0.5043887691791618,1.7257840926531316,0.7546997613209387,0.5905631453663562,1.294322838825779,0.3917227526391558,0.8339160622095416,0.9129529935482623,0.047819600880881996,0.2280623377512272,0.6353720541597958,1.8204894689524778,0.6787547324142396,0.25968937504697465,0.5557511365839611,0.2603258141600131,0.0020588616996078946,1.7565799199047962,0.6939296190846826,-71.82831225119185,-40.94372508406165,0
1.7286826776304915,1.2631305533047354,0.9065918105064104,0.5370845954238301,1.0237806212888332,1.005602204848308,0.6292872760020087,0.6481768016110705,1.6507809970696792,0.34700680955275964,0.4623034829774595,0.053138361146001456,1.3743548513595818,1.094386728925527,0.15290497639242506,0.8343261191147842,0.641477287157604,0.44924144944029387,1.4312659673526316,0.3873199579184403,0.413917044073181,1.1726287493893215,0.5800625217054218,1.6672972690430712,1.5792706468690467,1.227734055463942,0.5602626785469969,0.7339607840502753,1.2547983645774006,0.031259344119985766,0.1615217797213675,0.0397311735410405,0.48216300477433316,0.5473729472545128,0.6265105819651212,1.857299487256375,0.617894890801526,-131.1340976613643,-32.97957732979993,0
0.9744931052034109,0.6670945856858512,0.42264777734778214,0.160584583045134,0.24699783455449387,1.7588404931645865,0.22990440749198982,0.6106627348352001,1.4118658740902168,0.019125651547488465,1.792291248583499,0.32269979700258355,1.8418830023223824,0.6282348852252371,0.31872449646775425,0.03269208835725235,1.6854755704623232,0.5790663850588047,0.6815806087255918,0.9930363793480783,0.05202910794302329,0.4857311307551737,0.3424798570518719,1.9649516238524802,0.8295864830407957,0.4462006163377521,1.6542693897936018,1.8904080023258807,0.5427712678950238,1.421992677993318,0.6768743274003688,0.8130432312521192,0.7998700260110436,0.5735698412825243,0.5879452703204566,3.4513026962665125,0.3593249580712373,-53.2701548336968,-18.78683137401989,1
1.983889905337455,0.3347601727570666,0.4741672863711077,1.7107191486872948,1.4312260288653518,1.4298250794220104,0.2465321779596541,1.86145313782787,0.9712362226692213,1.557511520713843,0.5463064852154911,0.38349106888592144,1.4320710669143495,0.4097675965940315,0.4573556977338711,0.03535712083840914,1.574275648239524,0.1644183139498825,1.1403775512576293,0.08629808350883761,0.5871895771069437,0.03975156661690038,0.5511828648991532,1.044125539759075,0.7235464589784808,1.0531524206114913,0.6554437490947496,0.32587808915267247,0.029173746707604087,1.6662627710167983,0.8892804934887,0.08778281624776263,0.3572460242443203,0.670412142665858,0.4639311017350285,2.4686525783816693,0.28012670445423593,-59.70934876207299,-36.08411433743488,0
1.2727222499576292,0.20262243901378962,1.2072663062876596,0.3036040247436673,0.9402546596443682,1.3919941660248794,0.4745561797890736,1.0063532805746387,0.34951029911784404,1.5762225684524822,0.14874232692019662,0.021054256085907275,1.5289617974821497,0.19119176950563155,0.07212693259885894,1.193102160854994,0.539441161314181,1.978601659172424,1.835324063220986,1.6447414338073107,0.49104194866689754,0.4603086650865642,0.7213252606794451,0.12695039961756227,1.079174716530508,1.7340987633890665,0.9556224314918107,1.6981742857824318,1.7644174373828303,1.883404019985152,0.14213157525915088,0.09475954263633102,0.8406488345892702,0.06686542047513311,0.02171068237472773,1.166116055334613,0.9637039709332496,-130.91227691352032,-39.86540155003902,0
1.3830015685042236,1.781442956128734,1.475131945453378,1.43146997847343,0.46681870264157466,1.7895457512337283,0.3295691741275346,1.9752740110439,1.033973322472463,1.6554967963028668,0.16468844760098977,1.2873646441887527,1.7946283102308962,1.881603170931079,0.9149833927136191,0.6132443752244079,0.43870577178810066,1.4247971549737029,0.09685464058806237,0.9236159959322563,0.20876783965335632,1.4569535800879274,1.9859955793627322,0.24709335644732278,1.5770143308303133,1.2621485795449183,1.1796490174654388,1.512295626554447,1.0373387664253446,0.803129322832068,0.04747443362007875,0.9470675800586162,0.5951106745085252,0.33971452771945143,0.8254653823727931,2.7548325982794646,-0.41665256676936274,-102.55292242909564,-12.934692362535838,1
0.5764931792353101,1.9090100367502858,0.1359234413754944,1.3214724164834812,0.6121905081748356,1.3888462833525215,1.0779110984824734,1.2521322212013108,0.3667181293271715,1.895444553709813,0.5053891043002843,0.3275061114170228,1.2089026622739407,1.4415289298030256,1.6977681529231228,1.8081716193761104,0.7221570418381875,1.3628690675710957,1.713193679593371,1.1575909995547335,0.6793272938581232,0.7605077284069084,0.5744563544740624,0.8941314185603086,0.26731045826367783,1.6536108407465693,0.19680226256036604,0.5804415080863186,0.5044631536154669,1.1108716701161052,0.3719356248828817,0.94958063368546,0.955807177236507,0.05005149428762534,0.8669230697983248,3.1942979998907988,0.7181595575633297,-136.03179452072038,-39.0520357453727,1
1.4571591887028872,0.8171624966154507,0.06683219064305712,0.8337315298885268,0.9798280056233697,0.028543294328525315,1.8340450864826778,1.8945017563484072,1.78370882347307,1.546525988745649,0.034514417701597466,0.017680366376704226,0.9620577902441065,1.654477184536829,1.6112493451541974,0.22852588291084985,0.650554718387014,1.667272591488983,1.3240015846654327,0.7657260169901399,0.7468332973595504,1.0706185950603975,1.647725769140182,1.5932236769954482,1.408395612447427,1.7729813569528148,0.041053461614170006,1.9984002419876747,0.13199113982041477,0.049270908019517945,0.05004348401984415,0.5290064865834173,0.47568511320246887,0.43107459406542825,0.4338832002569305,1.9196928781280889,-0.08646683733925076,-132.6209315928991,-41.003193534003515,0
0.5245931553704286,0.9653526682264248,1.9619407369546846,0.246515263723458,1.1800118202345486,1.5042838987976987,0.6634540697588631,0.4343912796984486,1.5312368017721816,0.9573061799367961,1.5329588608963223,0.5160047139108344,1.8109848643766864,0.9337785053372798,0.03564279901651801,0.353681679662448,1.4601687488923354,1.0662490502532562,0.7197424571041948,1.4369800213445865,1.6701139880185516,1.4170427577647715,1.286424640555546,1.9904429519336106,0.7549563636084484,0.750909349458418,0.23752343974622492,0.491896942655881,0.5498493283908048,1.060410711377753,0.9562227424139539,0.8672871250143762,0.9416774059826385,0.32607754131961686,0.3001819800052854,3.391446794735871,0.17660776521801902,-51.80162716761508,-10.059013462038624,1
0.013575926698401908,0.5405429850494272,1.1355454381972574,0.18333692754559383,1.9890131916393516,0.17552913696038686,0.27720149349922796,1.0298975221812747,0.7372441501516835,0.9694585423674749,0.1127392560705387,0.08271515820679198,0.4225197151893134,1.586671495887548,0.991504556608751,1.3267959313804958,1.649783909422564,1.4495607446128118,0.9309125562608811,0.19462908341780505,1.3383464036148247,0.8064765077618397,0.11924312022651473,0.03199349788116845,0.7018140144387135,1.3409294316909866,1.6641493139462602,0.9849744453748688,1.5578040469156396,0.7506757687969929,0.6259551762656588,0.3233406041594027,0.3019341878667544,0.02858646805636267,0.28689303556315715,1.566709471911336,-0.18270997589923382,-74.92206749802658,-41.99491452935053,0
1.3365396314674842,0.28422638955308566,1.5799390369357802,0.810891107073531,1.4552806745282558,1.8381979450524701,1.9913340299867752,0.4074191617378733,1.8910320795379427,0.41904722796701543,0.050841639870141675,1.4552448536364715,0.8130275007394125,1.4395620527119983,1.9680567602326775,0.056291802991056406,1.7368497709646389,1.4518491265515916,1.7725014708843139,0.005299902923814326,0.4981641912407315,1.8974097620715935,0.3547223939637245,0.8715977319180515,1.238026654498641,1.1271996090675513,0.8041679942061701,0.5633127804497464,1.642796029143994,1.7469401638420816,0.5684539933946675,0.7567485347600628,0.4592791702701371,0.08048467917181079,0.13540961597580348,2.0003759935724816,-0.4671767757263168,-133.89952238646487,-19.96871640483541,0
1.6459742615590718,0.19320974796225765,1.1207676772937731,1.8259660262636244,1.107763678934007,0.9729021477827207,0.7901486907879056,0.11404525671852728,1.8627893710449752,1.948650600946116,1.4149867336193254,1.806632230647849,0.07784123915844443,0.2306453563368811,1.0103533060013918,0.49734983479439476,1.7664382793701239,0.017055048630646885,0.39268997056435784,0.4682330856433272,1.0854206311289503,1.471152811111381,0.6938869129600598,0.9755398929571815,1.366068707214797,0.543340505929786,1.34945040833887,0.10057516984656134,1.4104412214436057,0.9433267010656863,0.9249214223895698,0.16354933930853877,0.7920099212549865,0.0832589360387962,0.5261881876829302,2.489927806674822,0.5861247399920688,-124.02980908267092,-4.623966612114305,0
1.7659476227924542,1.6816527264720134,1.5548509314453063,0.7339132411797653,1.9341180280003674,0.9179971809401186,0.37661426556682964,0.9208254739861337,0.6145507232885736,0.7214867706824111,0.3750262412123544,1.0471753843326748,0.49709644259423547,1.9299075837960362,1.6728131600382707,1.0632121550279456,0.39332671318191914,1.867733953151976,0.8585779120503176,1.827464338519984,0.2502461524907391,0.6078688532388832,1.0261645659137542,1.8595816497321047,1.5482197181902304,1.0734224685513871,1.2626663228889523,1.455810035343671,0.04532487316298939,0.7008085031819027,0.24983949878410072,0.05536176456474651,0.6426605291533711,0.42785615555914047,0.8922246513736101,2.267942599434969,0.7490227545197872,-112.92657408575687,-3.3544170656823082,0
1.420844999697691,0.16339711613361851,0.6098149595309201,1.977668410011743,0.849693597048051,1.477684468550777,0.9295867871370493,0.4171212779837419,0.5991630232194389,0.9342729198736666,0.15905590875177533,0.45373236657122473,1.7068720053229016,1.9621140735685383,1.2375742313405886,1.94649825300806,1.1191256051186391,0.7158090900134912,1.0671626824507086,1.6736785305602269,0.8554445778265554,1.1026690812958355,1.4190432181102017,0.47303400457729916,1.6204000996432721,0.1492510410666894,1.2167154612128777,0.9342821224377247,1.0989422775378526,0.2481893762573808,0.702805578468183,0.3267585515811612,0.5225809027224185,0.15164118022521145,0.7426929687469621,2.4464791817439364,0.08534956132603133,-59.058458135585234,-25.73185087107194,0
0.3294625318763289,0.3596181928060236,0.6749331001369263,0.22978938322837505,1.792508507107886,1.013648633468149,1.8130528438909508,1.8600304831176846,1.9945775423088594,0.1856683647088786,0.7203407330653728,0.4450615286461561,0.38646727816642024,1.6240873858474876,0.5224796895570223,1.6709460393245912,1.7456125271261762,1.0838271075325714,0.9161248998227856,0.25915077879575854,0.9266646051310441,1.0523992284203862,0.048867266390101305,1.4408730076597713,1.149904356778867,0.7629151291193439,1.423421250101975,1.9164619557430416,1.216660453415375,1.9668024620557896,0.2896433412990369,0.35818111777402317,0.9297098346007857,0.9991572328532863,0.9393058273616679,3.5159973538887996,-0.44571513612190383,-122.56893985365531,-1.849540397429078,1
0.7144514525027534,0.254723890669446,1.960996077074339,1.471489065610604,0.2825186509752826,0.19784974904334485,0.40221194586711073,1.433532071901516,1.996734321354474,1.1491022402025612,0.07350336688433523,1.159351916801665,0.3046461170209376,0.5802167227216004,1.4843861805989407,1.0745447799893801,0.9794883386129645,1.2562006670108499,1.474694828538158,1.0266288440118796,1.1795272317607626,1.4422231935418366,0.5241299151333285,1.8362242108724824,0.8721775095182294,1.089016913501262,0.08131105263163474,0.8731335382801271,1.1900167960028898,1.1667539424186881,0.1566757272070599,0.997715443249247,0.6131232539745616,0.3806720618172923,0.32623461615773475,2.4744211024058957,-0.023861654326611748,-112.17781138866796,-10.278640129113292,0
0.6245312494025093,1.0115459606923267,0.6228541653539623,1.254861161292187,1.4433485283044982,1.770236602752321,1.8804635417925004,0.3776619310477871,1.7715246193439724,1.0867382352271684,1.14156136479737,0.21638143796552622,1.0511218685890358,1.0808159077595691,1.986250376829824,0.802880238863545,0.44791106093387545,0.48883664944208793,0.4722420771298288,0.5227698114596073,1.5693873085198184,1.455109292386431,0.14339537273047664,0.621004876932751,0.6545149094377958,0.666515343242277,1.7736437457771055,0.7664225404871132,0.6192664730921846,0.14042996292315002,0.9307285872262077,0.45920800203566337,0.7803144659603465,0.043839641016168995,0.5173520545454293,2.731442750783816,0.4231186377844538,-92.72699807658687,-33.92037899252688,1
1.7422411900944805,1.1045822332852306,0.7299514824762896,0.28315451003952985,1.0849893076590993,1.2488864787931353,1.3438574180900438,1.591438364526374,0.22483933349970164,0.46690527284742167,1.7925295876463745,1.593389039367402,0.7287412479251727,1.9529684392784565,1.6401971062112484,0.562173117935,0.34025076896354833,0.11853585829346303,0.3536073124729573,1.4789519513533644,1.1736225944628755,0.04988307521204138,0.08183193944378275,0.5531256687524895,1.7257748197800156,0.9256229337468607,0.2439568372116998,0.8321723861510546,1.0748586414319405,0.669742510369741,0.16802335684343872,0.2251540389116763,0.10488510384338467,0.2893107298172787,0.40118173242761423,1.1885549618433926,0.09947789276499641,-106.85118971888546,-47.958451828179015,0
1.2942081645209613,1.095280300697784,0.8988301885438676,0.7605433648131241,1.7709886403854331,0.14958795502428912,1.7583455932608614,1.355237403119072,0.5159309983668581,1.6897028726829073,1.7833696329249025,1.459474271430799,0.295561566578739,1.1917331520166827,1.8343026502510933,0.20304227117338258,1.3300243228582418,1.8935796764644068,1.8120907374007347,1.0551257719930762,0.36715210626182815,1.6345953303768967,1.5376621174914753,1.523081525075667,1.7198141800621767,1.8022210468431747,0.04773865298418345,0.29279552801498454,1.2883510240162754,0.3672195166506764,0.8132872731312112,0.03301459900195136,0.07697072993735643,0.10964176340280263,0.825475690796302,1.8583900562696236,0.7841699740960095,-77.62546736620361,-18.302368128849555,0
1.9176161287973232,0.37804646476296155,0.8781433796306601,0.10353446712923198,0.8178889937837119,0.2700908025695461,0.48778643067026906,1.0562913544749477,1.0908523744563903,1.0881815706467761,1.8119984361923247,0.38686499606234825,1.584139354163122,0.5093352781806268,0.6595974556587192,1.8567662948539447,1.0134308793639097,0.7081624575475189,0.8063073304121819,1.2946654980217895,0.42527902284362384,1.9753080592707144,1.7350248470260725,1.1810477894817535,0.06207427644744534,0.6631460926560606,0.44117871990557767,0.9814094751656015,1.8754381980503472,1.5998380234787137,0.5471948023053177,0.3857768398657233,0.8056816227635575,0.16557128428030132,0.3125025319591589,2.2167270811740587,0.8351243391504921,-60.889510660955125,-24.151491498636695,0
0.19279607734258875,1.2427617949590064,1.7860841164985155,0.0229993684142078,1.2825205572558063,0.8211382144158634,0.31508139160656246,1.4428932591165344,1.2408283599436936,0.840648696262986,0.21629518631147393,0.14386228275545832,1.330459810999867,0.03648740756326507,0.004759423028787069,0.9051282420284028,0.5110944224006826,0.2736583521162632,1.7507747327007503,0.7417430096532271,0.03031960843361836,1.39728309083175,1.650180557564669,0.7205969758579429,0.3700265410500674,1.968071688205776,0.3071276673215577,1.284381732384621,1.0912423847054615,0.21985119491366745,0.9958805876684457,0.9413867122613473,0.18098247646656995,0.3346758422726812,0.7664052053964816,3.2193308240655254,-0.025267453571495402,-73.20316893014225,-25.226024876212822,1
0.9766599577739459,1.3517675366702486,0.5179014541462423,1.3743462941230578,1.8819473675734641,1.5855268334698853,1.927221758765313,1.4632295380043085,1.8528094793106469,0.274067309001758,0.8612298177642783,0.5018348043340557,1.3296657162047953,0.8891916327400113,1.8016726846977245,0.6346906231227192,0.7859991523307759,1.9596032085315622,0.5574920037562867,0.8247362174787358,1.4797971580853129,1.3270880158026004,0.9995924113868837,0.5298005315125189,0.6561681571927993,0.002556775285635471,0.9979874815958487,0.10382921611559048,1.2340668695034542,0.3943166540556866,0.38962637099940134,0.9441501301678548,0.8862554316804012,0.12236304001140952,0.4809737899672728,2.8233687628263393,0.14689147219030163,-102.67527114738184,-28.94423061700198,1
1.3722676524271167,0.23322367264004518,1.0000853802680458,0.23891944156330425,1.4942904816327287,0.8554699073814871,1.565197854526068,1.5589330662587864,0.49924706349473924,1.458991844301982,0.6959332105529938,0.12299781235024887,0.14274415271875696,0.6959414013858285,1.4685386554895963,1.1742452370609002,0.613340835922876,1.2826976009340718,0.5725647298735375,0.9012527755729249,1.418355795600412,1.054628095221355,1.9962090233576981,0.307346263923419,1.823014278785798,1.762134836379329,0.45669047871755697,1.2818125766512518,0.20988560980897963,0.13181613327631525,0.15968902407566166,0.09889078372635651,0.660810492090053,0.6542021732451256,0.9472132090913433,2.52080568222854,0.44917837113511494,-104.13784445286012,-29.76810738908479,1
1.2075589750728226,1.0750848333887744,0.3584096263756986,0.3817332977460526,1.1911924410518748,0.14513019052864395,0.2871243588698109,1.8833614076499003,0.8212274344564454,0.030519045464133532,1.3598907511972451,1.6678838711770276,1.1322880144108491,0.062354999329954586,0.05174391335532569,0.8474611654733233,0.08559749742659006,1.9905799425846986,0.5119199942185244,0.7579643371278404,1.3443417805441693,0.7119773798431142,1.4067833715772022,1.3841568573961411,1.2200888488578985,0.1263752439353918,1.3197924684737137,0.8964043730932869,0.0747041367580572,1.5989741939255837,0.40513860193737394,0.7249638735248584,0.02950808546157513,0.3414901442668087,0.8836437892055695,2.3847444943961853,0.7218968904445147,-56.25784795443375,-33.14416607614762,0
1.4220836390890188,0.5901053016865727,1.1517349315650403,0.3354768319667616,0.9465131940768148,0.5439227122016426,0.569920904367567,0.22259450607145626,1.7792592004435694,1.738438019046728,0.0014977117638090842,1.4202098893356196,1.312662485859939,1.7760205626525192,1.3453755763124853,0.2793025227389401,0.6491641740392595,1.47253843803803,1.0391824025422534,1.3735760508496817,0.6472586311113357,1.722834801280948,1.7913758859244513,1.4535577421395105,0.23579414901430917,1.696725994315603,0.32657737730669933,1.0584616558203352,1.7222787171480853,1.9147630701021374,0.4235184493799087,0.5481509430969072,0.932128273861502,0.6892773207191014,0.7200868461316949,3.313161833189114,0.5805295918465463,-65.57574141133306,-33.02748978621806,1
0.4816179202339048,1.8615626540088304,1.5217440369685677,1.335791527031562,0.5585957640268884,0.4592144727737255,1.7454954928362567,0.6400265318488787,0.48485907888070967,1.781035864043059,0.277572414282079,0.7453416476950334,0.22534637028995297,1.387815663506467,0.7431216818819377,1.9257643720048303,0.30758359836883,0.2577338968868568,0.28304487616703344,1.136391470951463,1.3821123529783876,1.8072390602549306,1.9410679038395393,1.4475691092077723,0.2538057967038161,1.7387741438500548,1.3425266017875324,0.6953715833863368,0.5349373553510328,1.8451237424842941,0.23004945367395135,0.8737365958017419,0.01520888189822811,0.9864438145502933,0.09688536809883719,2.202324114023052,-0.4101427186132249,-59.4199623516344,-14.261330722799793,0
1.5420859316982505,1.7385933726046843,0.11005755857498878,0.38004764721455664,0.8807449069922393,1.7776026105587956,0.3315147748141256,0.8359805423846989,0.7408666354142734,0.11077517066031306,1.8697321958499349,1.2778827288098935,1.6029226040131976,0.12812402223002572,1.9874178057538214,0.7375714868510634,1.2111943826400509,0.6745008148904132,0.5073595048428614,0.898084977832853,1.8829781916749053,0.9869146225373726,1.5505263538672287,0.6765623806854322,1.499514799996652,0.34465088518978626,1.7778962944482741,1.2618139787756202,0.6865438642963495,0.7812244940256563,0.7262970933708695,0.7825184580091206,0.828929205743437,0.4477922498465421,0.11326233628803806,2.8987993432580073,0.8469399462155827,-122.46780828934835,-46.00958483338891,1
1.3671652533684593,1.0470287205383204,1.5406360077517025,0.7782580928669443,1.6300341813904273,0.7913243006703488,0.8921292614144534,1.9305899970467977,0.8062327981551141,1.5764967579824092,0.4961299965829462,0.7367800860752645,0.6706250416509847,1.1433714195892068,1.9782848905751627,0.4609756856699072,0.47416646293730036,1.485706276876427,0.12231158785613072,1.9786269663479314,0.4582133749657593,0.29655817849590616,1.7720626144457798,1.5849252889409813,1.3937831252013146,0.4070090001415816,0.6890457324353287,0.8442971558462107,0.6255654326596727,1.8294564001430593,0.3568413132204904,0.35515583406032303,0.4744995264653584,0.6155031556003823,0.822826170109399,2.624825999455953,0.7479843793304155,-109.3005010323511,-28.847665762571182,1
0.41305718345984177,0.7081055056736125,1.5618526859079356,0.9764763291803222,1.6782639692497523,1.681561752233803,0.7318279356184287,0.7755342551113167,0.6903113905440552,0.9839874943067413,0.9637427222423143,0.13673889879885537,1.0825142207064293,0.056325397139795896,0.5975537402338298,0.3811592692359278,0.5569705014562814,0.9313458129658003,1.9564754824799269,0.2472336952450398,0.11032217997580673,0.15948550806998907,1.5256368811603174,1.3907620161511955,0.9615217254823383,1.7811226984030326,1.8391518759173517,0.4699009226241282,1.6674103183022342,0.16390553896068938,0.642147139878745,0.5589681886208646,0.8061127239934605,0.3420264650373587,0.891807276973065,3.2410617945034934,0.13149030176810306,-79.35013748021078,-45.15084275894929,1
1.4516379677237001,0.7963902141172001,1.3744647094746205,0.12877669176994044,1.8998096635323811,0.2589779737948976,1.6414454305931916,1.3652424336416416,0.6913165681320723,0.5873657237079635,1.368837768336859,0.2712347029657105,1.200681204156939,0.10307246910318546,0.5072447862586091,1.5861275541766162,1.4061610393405413,1.048841286518725,0.7454811926991554,1.2013256933504863,1.3172469384829273,0.33550882367963775,1.6415801222939133,0.6195360900284481,0.5987892138832154,0.5418442046866287,0.8869492205004219,1.8156275292551602,1.9249367784415439,1.078426782025561,0.7277413328121847,0.7036837771195729,0.5321837294985751,0.5333036437479978,0.18602093587569501,2.6829334190540255,0.8453855447632461,-107.08650847478094,-3.2130899788697818,1
0.6867830118323508,1.4978816309231326,1.090581213362501,1.8855409560110803,1.525704032095965,0.8268955954230355,1.9624233316794417,0.6069624618686114,1.4561199818578265,0.16358794104220586,1.3093129466079552,0.7620457173751749,1.418226059336554,0.6013345720036776,1.1948398933287763,1.2056814118315953,0.7880829378479335,0.6368049136724867,1.8299481432261273,0.861944459132302,0.4562652153486535,0.7575957454974382,0.6428383995567686,1.7146452892535755,1.2702481563939367,1.3973597301303609,1.6621708355671447,1.223025311198963,1.4789499445968535,0.891353232841926,0.9208548779916875,0.8906995384061667,0.8344058815980008,0.02230509588916596,0.5000832347250794,3.1683486286101,0.9756967236794085,-117.99904601983599,-3.7017201865815084,1
0.4182797348588492,1.2519635561952145,1.9865314621306007,0.09382558919721307,1.3308205145214516,0.0785974755819463,0.14118831504650875,1.8923153468682827,1.772248883098931,0.8529783640433402,0.19705851823755105,1.2792906098642671,0.8160247072204136,1.2181200530008913,0.5668295920079767,0.5533581673652641,1.5489621788656878,1.150690413990567,0.5247916662292789,1.4434949833988464,0.8234857878167823,1.55038717947099,1.966752927874155,0.7302935447435033,1.4851083940611802,1.9520910862244993,1.7240589234398453,1.8522909015835587,1.9475228828256554,0.9164605074588874,0.6892863251637393,0.291223098316969,0.3547959686431703,0.5129149945100347,0.42663693798570557,2.274857324619619,0.11273404683333244,-66.99211229800488,-28.477581960158904,0
0.7254042865804244,0.7732523932410247,1.2176969056538163,1.7612939863255996,1.5367614247591002,0.9486930890115277,1.0067853688126789,1.9186985072410634,0.8729461873669451,1.5227376711129155,1.4085855317212317,0.18253905345924326,0.14359729590921044,1.8145241757059345,0.9793771590642346,0.05322938063540095,0.3676413743021265,1.300305462346643,1.6485076833166379,0.3471672979107332,1.1163500902819945,0.41061670649164417,1.3959390401643301,0.36865215491083814,0.1377658529986443,0.9186130980115859,0.4222855801622736,0.9134050543261705,1.0834218094548302,0.23712797572422528,0.7762338688481036,0.4416211311779368,0.6138531011686136,0.1942149026610932,0.5594440397038636,2.5853670435596108,-0.4315283103854796,-80.61944800708288,-26.100843005183314,1
0.4472403098386133,1.8695483424857624,0.6640301477119781,1.3379624026270593,0.6851661907026398,1.3963451118437007,0.4992468454092547,0.2883047688601834,1.0254468717620628,0.2514984616236142,1.0291413833953245,0.5056791425749352,1.3853174831054618,0.8083331788012087,0.027811576133381255,1.940975982034306,1.7139633567037194,0.9039202221635605,0.234346723211468,1.2624725926652085,0.2567194687682426,1.6882340058431682,1.1633466055614665,0.7280850557967149,1.8339321239923356,1.4079249706885886,0.855305817391699,0.17461494253160414,1.428125204106796,0.8483217641801599,0.291147390838704,0.31210848729839735,0.16552556535868757,0.45798204935725384,0.11503809103596774,1.3418015838890107,-0.41508997208891035,-94.45822402075589,-20.71250193946028,0
0.7071258649709202,1.8009507405432144,0.7436467891157348,1.535826470356803,0.4429458295835049,1.265182961756741,1.2961507821251055,1.338344350164778,0.12676134712068188,1.7450850389395975,1.9646162569130146,0.28851457157114613,1.820815727891186,1.748931032539044,0.6549862595376759,0.4266356375371767,0.5776156846272795,0.75322087463913,1.8987481393721872,1.6145944445221314,0.2431332388270948,0.75876365239035,1.682325864096216,1.9209994615005135,1.8253871339398524,0.4498440453529773,0.26870495210432743,0.9749348931217667,0.925353905427964,1.3253099425612853,0.07527148908387427,0.0948106097853344,0.5271878210905409,0.6007134715873297,0.6768814444140631,1.9748648359611423,0.26712566478236166,-122.89130119830506,-46.71440690556914,0
0.48733720842689277,1.0898762400998638,0.05184457599234493,0.4604675918252652,0.2344333826897418,0.2174426681888164,0.11012984855780594,1.012116155135132,0.471159867141862,1.5235989760141515,1.362769039441835,0.9331230233318286,1.895775471609879,0.6128321054771759,0.8084448076923056,1.1514313041048239,1.8652957110563044,0.7764201913522404,1.9344612754706152,0.6285190797722346,0.7363953369402152,0.6428016502740288,1.0026003838899413,0.5407715347697941,0.7491086146994421,0.0804810996886558,0.8271152308310641,1.0839031677578383,1.4088613134280097,0.19365967500990533,0.551478104171416,0.3932347549254198,0.20248625633760464,0.7988688797459205,0.6896958069990532,2.635763802179414,0.3159766338988166,-102.46264259336708,-40.6348583339044,1
1.7864573430870467,1.7048703357658874,0.3662717480157647,1.5621762634225431,0.33316048506131724,1.2819643321081997,1.9258670471666464,1.3686394050498973,0.07115851512554117,1.8457344299066512,0.0901124830903286,1.0061014400791772,1.421475528728165,1.151595205796377,1.1315133138533737,0.8905352513644063,0.46169706742714567,0.10271573530817069,0.7095492477332013,0.32001007348541965,1.6121785994751558,0.27515122977831385,0.8285423993389338,1.415884972829422,0.9025529809815429,1.8105993226711457,1.445506179314816,0.5413783891902835,0.40710892133890986,1.5433743542948883,0.8152910785826408,0.9161182332615434,0.5330617886668594,0.3402107267013782,0.7332301543566968,3.3379119815691185,0.06028821514979288,-108.94779327510251,-35.81620354419777,1
0.06698158258776754,0.7865021615822443,1.6352230397923762,1.708082522868429,0.5159949477165591,1.6658596991629553,0.16301016195811635,0.9819776631414563,1.4673138414046019,1.8904001882223214,1.5409485143872195,1.8237865762739611,1.3126073647570344,1.7533638245683711,0.5704314210993009,1.8636679199535902,0.25477887079454975,0.22731477733355976,1.3059998103614405,1.3849165671000905,0.6975042072249851,1.1832301362911828,0.19270420406830047,1.7492595650298164,0.7867894287790558,1.7972794111724861,0.3764491852578311,0.2998584223720968,1.1852940005340185,1.0313130771618517,0.12177642175481285,0.6169391031322098,0.0051812053299881144,0.2754347189743087,0.7644885463667401,1.7838199955580596,0.30514742448701426,-104.65451507066004,-31.75414277628842,0
1.0487517910134503,1.430936821996471,0.8025369381275178,1.0751438124542703,0.5862609750063363,1.5666875756308618,0.18588914752435737,0.011590686679400886,1.3902192202036034,1.9887590110192963,0.6863080820128902,0.3683696634635958,1.5887561694087364,0.2457115502878513,0.5073558423914388,0.6903626213573717,1.6015843023844192,0.9696591044634149,1.4371083381071932,1.9066080497206372,0.17966753652247602,1.782582904929791,1.5626098033810583,0.2711664903544011,0.5541027504702196,1.6169131773425898,0.9763999233525629,0.18769037802104016,1.5179052365653931,0.6199393785126095,0.9887251180809731,0.5818646074342262,0.40287565851024165,0.19014563346902524,0.5649776545664361,2.728588672060902,-0.11883911080874165,-139.6688567837009,-33.08543960050831,1
0.28841917282080254,1.887174447457941,1.1525711504677225,0.9667553422881372,1.054119719221632,1.736604950141712,1.2194222896799083,1.5026404988243283,0.7219389121808772,1.2978757821593485,0.7874754590622051,1.8583675801806423,1.8819442084956428,1.0352099467224853,0.40057180093617717,0.4097768162640123,1.6441597705263165,0.2771246542492487,1.4134153414175636,0.5182138696334568,0.4259681584408539,0.07372763059720366,0.7130610347156088,0.820568032092652,1.506469315225396,0.5674146355788587,1.0379474857517716,0.7146162789003079,0.8495425763854623,0.043573720857012166,0.13580590028764505,0.21551954139020046,0.9760647983796363,0.6581720323975598,0.8787466244286959,2.8643088968837374,0.6796650754231226,-139.43200480651595,-12.371827106521993,1
0.0028439416851480104,1.3912353845410548,1.505697504342589,1.9729301501660121,0.3386735546578894,0.04126750331279605,0.2526850596988499,0.4655809940714499,1.6425769663621987,0.2864186305338363,1.6868676853728162,0.5961403733608961,0.6359362990720587,1.0087479166839879,1.3957894571866203,1.9339077129739486,0.5041340422218474,1.2420167250098673,0.2641384360135757,1.2461777124458067,1.6474316282722048,0.5922247813185304,0.054878487828542655,1.5531357385991718,0.34472386721999215,0.8002373083526577,0.9840466651790964,1.8967300639508442,0.9752308453143674,0.3361256088399047,0.6800872821813675,0.0581134733128259,0.41970697070184604,0.4550456557216861,0.517836291361964,2.1307896732796894,0.34816331453214566,-81.77040838238773,-28.135517943307846,0
1.8995593992553284,1.7400606336820306,0.22120040373460714,1.078691700735524,1.2843213273854086,0.023636227319504544,0.18255719088333855,1.2726709562003475,0.27859582050920206,1.454666495144054,0.08253754183046191,1.6384027794922333,0.03216015940171846,0.7921965850948349,1.4523668218531145,0.31399582160523787,1.8479760261695026,0.9504384020148937,1.7764879753238785,0.12035358773364835,0.5240289139866339,0.3565912067709176,1.1365175912718724,1.329095688360827,1.848617213366852,0.22989464418599992,1.7572131188098963,0.7189752150223698,0.8251543005925515,0.8757467215557169,0.4308130010788751,0.6116854814807121,0.7873710322374339,0.21478953374516707,0.031885761307829386,2.0765448098500174,0.5930062831904377,-119.33492627787219,-25.458417289716014,0
1.3864173799654842,0.4013777581843121,0.8565175274026176,1.0652633556120672,0.5360483301398611,1.669217828294957,1.9697200803306572,1.6822563060817017,0.1570337810846869,1.7802660608001069,0.018096689274562427,0.02912455669696068,1.282550290181303,0.20634839149724815,0.7452590755476491,0.42403125785054296,1.3245906644627008,0.008196767254715631,0.4698421419807446,0.7209074502965311,1.3276522155783947,1.3609646208987651,0.3277387245820329,1.6131930852341516,0.5217030833180409,1.3608407616607623,1.5765359398585885,0.10263233501987257,1.6749294487659894,1.69023965370469,0.3464162722258205,0.5569452977379278,0.8444391409981767,0.7091358231023236,0.7654144941023728,3.2223510281666217,-0.3595652052004407,-59.43211871931932,-45.11841893384758,1
1.0479462505488328,0.7957771123431638,0.9714183695811514,1.4196989134456663,1.245001005769405,0.46014297732865095,1.1792303097170669,0.10758785478837796,1.0545708366351145,0.6864942244317602,0.6039276730394103,1.553404953406618,1.7515593193582655,0.1161123657061367,1.10207369208492,1.9383840210413963,0.7310380055560552,1.0659253372213635,1.5164745248759006,0.13540494728744656,1.7669155248591337,1.2322752879493717,1.5100416385520152,0.2883668527332601,0.14286957313923643,0.6425153128973753,1.9948136901201448,1.2182462140878119,1.461500481370894,1.181132253902836,0.5211315457478092,0.77108203861248,0.5252519664255374,0.3706559174934033,0.012739869025525374,2.2008613373047554,-0.38993648465082315,-141.62856545526282,-2.342325064456369,0
1.9192300477524684,1.169162947187036,0.11862487296772728,0.44463061312150987,1.4326783269635086,1.4566325954680428,0.41811209759268886,1.9343052359649382,1.4757449495607926,1.1990856475825202,0.37034797710222045,0.10724967089966508,1.5768150247586996,0.6317316980617629,0.7284553291245106,1.056149307164952,1.3868255300697099,0.5892620624734519,1.8684154101250807,1.8184661580991153,0.8612169380099921,1.649151054671031,1.8058868673815807,1.9734781199634852,0.3891949935824921,0.3175512961822169,0.896430999068969,1.549936302290869,1.9420302965786784,1.2427039433401603,0.6781453912234348,0.8484013499272605,0.6226045216383979,0.39054310936168446,0.6484505002966869,3.188144872447465,-0.11690255768345925,-135.90119211112108,-48.37291626410208,1
1.7612684742281464,1.3428099436628431,0.7917412481781665,0.952266167425601,0.9752912391941881,1.9761425286254621,1.9167234135757933,1.173999830874021,0.5875934139065639,1.5907531528798708,0.4271546448852086,0.25556031225182974,1.9580399179065255,0.755112228082407,0.8061218367918135,1.5277817439995498,0.4549666553420624,0.8033803896883236,0.8126276694316767,0.25264701060440853,0.6781920744675463,0.670460187913057,0.46647110168629924,1.2393761663652987,1.6182821591922305,1.2501587288088147,0.782087492069083,1.1752503722455678,0.9505014972073902,0.10512318182959857,0.9133361360231175,0.4810647440188469,0.38680279892773517,0.6134069182915592,0.339080182245332,2.733690779506591,0.8893093160650241,-103.62972678275875,-32.05283594711162,1
0.08612858164488002,0.13652994271758123,1.7382963674176297,1.7295735138496457,1.8864738717918907,0.6780838476367745,0.9821492930973528,0.7832137184546482,1.0115204990467699,0.4773928105367813,0.37668487317401866,0.24617086217225914,1.6941558322116674,1.1429119035471202,1.0166586931849733,1.8300608415161412,0.14729807076514456,0.05787158841790241,1.1177606530490867,1.1500631834975186,0.6140885779062917,1.5571919362536983,1.191170634758582,1.4914644475660945,1.297190537344786,0.5425124036527877,0.307450412855957,0.16974808012095344,1.551283521246765,0.3190058030657992,0.9072276954806141,0.3535850304664614,0.468668022878575,0.36317660303847676,0.48831909366960324,2.5809764455337305,0.729916005043584,-122.76647613535329,-6.870875064642829,1
0.24976152334467328,1.6851709832282202,1.6126914887254036,0.251406104546958,0.05687731608633162,0.07866270131060493,1.5696587103216262,0.6075074733926742,1.1233282584949194,0.6236944995001708,0.902113811321779,0.2938181513761089,0.8588311496863088,1.362291794828983,1.4618949705896898,1.1429135747478176,1.9970203811470568,0.4631166546058276,1.9414402942654312,0.8484796404785682,1.6559800154736566,0.40809095020219543,1.7926044842915385,1.6755369787146324,1.0580381438503106,0.3277809042415287,0.17018175982372652,1.684395463545259,1.2483225598595968,0.07626182581689833,0.5083646437863628,0.9793992643557479,0.3333168916387639,0.34361850214963063,0.43948799672776107,2.604187298658266,0.39319868106783507,-100.09008000191457,-10.210252504918488,1
1.242985343571074,1.4712792013174163,1.2445543834560306,1.6994898121187807,1.605691265860987,0.9110387361068368,1.7380548390795012,1.583940375460343,0.8787116412360874,0.29362848282255705,1.4934003330368866,0.5988302956210514,1.444925053620888,0.927857614720657,1.9482371730631691,1.408095205563878,0.33527784470026445,1.1019946381260781,1.0508669182064942,0.7902172206477092,0.3196792672443103,0.1623776682186222,1.2026364237360427,1.3244846884832697,1.7438060424389876,1.3832505195519889,1.1493509232505585,1.1903631635307943,0.9136802899908574,0.9222699030871699,0.9075643074705853,0.2943897704744236,0.2626916905297668,0.28730418845354666,0.06150225737472437,1.813452214303047,-0.135709641614218,-122.62398683544944,-17.237955817776374,0
1.6971316001337908,0.8376149337476977,0.2520246940076607,1.370398739896176,0.5616057042213938,0.16862706527686555,1.241602496615513,0.5674592571232624,1.4568692323974526,0.4600318514288184,0.07013941894698217,1.3124354185449272,0.652469760694828,0.6011524765516238,0.6387925210996204,0.8538402501854563,0.18946251043304496,1.2431704924447777,0.9539097418948621,1.7373034042252398,0.07546366283463124,0.8784834243807695,0.060253175516985724,0.48519076892032853,1.8078488442004979,0.1787197875376032,0.44059156510057496,1.355854228103321,0.23082611698383482,0.9508603477164268,0.41378236125417045,0.4849173942896885,0.5874522355111648,0.985711853987183,0.39284926392297914,2.864713108965186,0.9112486311343695,-58.07366036329263,-12.75446637610213,1
0.5393890847164677,1.6061010935521616,1.7389354138805513,0.18712703517851081,1.0618676700825116,1.4600417335181854,1.4317531287940726,1.1356740926590625,0.6554674154428712,1.0779130755032702,1.2615570488989292,0.19027509106590124,1.437656029705429,0.9610521465967221,1.0852327044343066,0.8107777875579456,0.8503142654645703,1.5447955854746405,0.5881116676984772,0.9593124822671424,0.9288240972763955,0.907112016159594,0.5553435706262817,1.3528560824371167,0.1926692691701024,1.7754606338884562,1.7887829092104612,0.37959395523575523,0.10308717256895217,1.8592541616780753,0.27129509880386016,0.3227072911974824,0.05657619836534722,0.07891318287136662,0.7351827210284945,1.4646744922665509,0.10028600413097044,-100.09395419440703,-17.555281772538144,0
1.6694230278322018,0.20987020372890974,1.4183022432743155,1.8448432845199554,1.3145689783039844,0.7580683815046727,1.2626206401593427,0.5151036532966864,0.6148789729336832,1.6950609657599534,0.7257660953728016,1.0692481589882474,1.265081639293949,1.1957085575406377,0.17279201184798598,1.8217290620363442,1.5910800000073846,0.09481828004784676,0.10914813604148366,1.9666436646705572,0.16758636002043237,1.1074104112385303,1.81673052995834,0.9402185265263125,0.6351408528317204,0.13011898034917113,1.969997492508865,1.2273358036031292,1.4318270553976225,1.0891312613814372,0.2394945981397114,0.955397229029462,0.26435032630304367,0.0848379557767387,0.15767993281109483,1.7017600420600503,-0.04937290385275456,-136.78975638435384,-5.529595493223494,0
1.145231912922057,0.40977202908967936,1.4659776654535073,0.16706039159895525,1.9733602158567878,1.6144117594071825,1.2912163069154812,1.316779850271003,0.7493360649748966,0.6050708777159068,1.265412976661164,1.8923783534686902,1.7549598474540105,0.1380955338515295,0.8192802707000191,1.2610529989374706,1.1801055131446967,0.8827597382875891,0.48471622090779154,0.3798647504795274,1.1981531867374902,1.7625319321768835,1.4037455808275108,1.036442478555335,1.5933041636224137,0.5665888707637967,1.1572045368533073,1.9704456641444401,1.753977225403519,1.6232627017327204,0.28204805949855594,0.5021735009078099,0.14418592856154344,0.8266407189629704,0.04495083856592064,1.7999990464968003,-0.21159941622440342,-52.87683410061168,-39.38824789560672,0
0.2785531002807786,0.16935703334326857,0.6126399094515309,1.2818897700033929,1.2999204638281905,1.7017841822483357,0.5533637649763163,0.08526526175504934,1.9255592350633612,1.702443989300761,0.47294925701212187,1.0070488287646617,1.9106141938036547,1.5953529456754765,1.0745693479229321,1.752331068381004,0.19106072989825118,1.9650612619186427,1.921008471866724,0.7856557816183649,1.4668919621897523,1.7356537761366821,1.5982491292390084,1.777320558621013,1.7445109650909216,1.643586616692849,1.7522198174496968,0.5750369384626826,1.2611267269396316,0.7756010770416097,0.3683921349873708,0.3525030994207211,0.14790745414340178,0.8925360152201498,0.6985361284063084,2.459874832177952,0.07052935760290313,-77.10354791404006,-26.441255726939556,0
1.6034941321788667,0.9101652522724077,0.23034922391238233,1.8563241150923249,1.125362781072375,1.597425241131918,1.1254685887384195,0.37237249087373536,1.1773401736368267,0.9936108486514803,1.5571425762613618,1.8916144235014192,1.9889502970992203,0.6660425987855958,0.8266962863940903,1.323365800200101,0.10637349524752215,0.69149369861946,0.8533724645424372,1.760262343704842,1.0914437818508744,1.1450270865946182,1.638666873171364,1.308562849782149,1.4107867824343454,1.7878288386468115,1.608855850396026,1.1028173150824228,0.7923124600561242,0.43665514802434546,0.8001537712819353,0.9758119443556748,0.0617937441616393,0.5529059632906892,0.24348003976703225,2.6341454628569707,0.3249606292045546,-95.70401720808756,-21.08391788457044,1
0.02309486272272654,0.5760395569652468,0.35270258340483607,1.3025635171758119,1.2973912369065161,0.24456179298806346,0.07268130152249941,1.4573860724838132,0.6267889514337375,1.5065856394448645,1.9560151537998502,0.8010910166273344,1.6881708367491108,0.9168214851517686,1.116894290882272,0.2747932159283091,1.4111410401009299,0.21459870867320752,1.0665087335799979,1.95234359978848,0.15001555358100704,1.089257286394797,1.5934111341309203,1.2598455652219755,0.29738298080415837,1.9191474494719514,0.442113478758706,0.40046775547866864,0.672185513794336,0.18491628037126384,0.9566917680294634,0.9528801351775075,0.5997641727724928,0.3819488192772206,0.23604885988726665,3.127333755143951,0.014154403533458204,-100.00809383208875,-42.74727884185325,1
0.615259426784895,1.673273341384429,0.4377155602058531,1.7475981426226643,1.696749447637542,1.0506152310986148,1.3662260763312142,0.4445426856834991,0.007628963488364615,0.5170387135885581,0.92837703926127,0.07022975320518321,0.8731345585216621,1.870832437781416,0.5008037947482125,1.8773191716081226,1.483913060215481,0.801646628786943,1.1517141935428477,0.8921774839882539,1.0320597585595912,1.8997387768131642,0.028634661476508283,0.3528614693655374,0.15416630949670806,1.9021791943020265,1.5476348889722558,1.3612548601963663,0.17408942621524126,0.4384184417216421,0.3932145971898402,0.3440975272167045,0.7519278757942854,0.8112285939151245,0.4047594917412042,2.7052280858571587,-0.13796065103869026,-138.9406528419506,-1.7515900957600083,1
0.27576691730037006,1.4039081062058694,1.4180547834511017,1.00026838859051,0.29444878996400425,0.9918516526882633,1.738732183459208,1.164008767268936,1.86105908975521,0.19416182278593808,1.1600341056632826,1.1940795558316912,1.618477601305922,1.0988136856487551,0.8467086353103033,0.7429228617283765,1.1906653684638808,0.7419819211385343,0.9851977119080315,1.8859627072438905,0.24476050267212934,1.9245833678110542,1.8944331403450523,1.4120315546316469,0.35074141127154235,1.7937803671723156,0.09820979509099681,1.5588422139040892,1.1033940212566689,0.6771430055067469,0.2554643394336925,0.7748610504686794,0.3532793480485893,0.08339365287284373,0.3580208326622558,1.825019223486061,0.897754649297223,-110.35013783605098,-22.7760518470642,0
0.40185150401870495,1.0712876619941631,0.3773638052841908,0.7710260976931638,1.7014335550695847,1.0378789302992215,0.634890554992481,1.322912057669823,1.0278196782098483,0.053564925116485806,0.21967443091674643,0.10021248667333027,0.7286103600936913,0.1278420837431069,0.9781544328464968,1.3254834243659497,0.877404421047616,0.9404131813904566,1.7364937082869338,0.24982889972099942,0.2128975868412235,1.0999309318365682,1.5877277610053424,1.9898786503140111,1.8178980232178543,0.19258381231852706,0.7213587338615104,1.9081153882696078,1.7817607871501482,0.003948833598685919,0.17530728843825638,0.639997794028157,0.824216748275918,0.21997072522955585,0.31819671516746084,2.177689271139348,-0.3213194697194577,-132.8653753334374,-15.838427805792426,0
1.3867804787205136,1.7200779069938155,1.100134591609148,1.206573294812798,0.4145201909748759,1.0919414500361782,1.5388531585964496,1.8457820015641673,1.2256024006675967,0.1834123377776129,0.6127305831617964,0.179928251506545,0.3443761240602452,0.5476777688511321,0.7422380636232315,1.5324734921397838,1.399665344124464,1.3264334429967297,1.801018016018843,1.741389456322378,1.7361476319656943,0.3109291861226575,0.39531716118054083,1.5745467927711592,1.8965247165274086,0.6003615468357342,1.460910011074282,0.6483144727928221,0.9442481640787235,0.03296786331859991,0.42147829466860753,0.06822022661517413,0.5697233801847705,0.8865201099993616,0.30964859877573025,2.255590610243644,0.17655839753081337,-85.14161899393247,-48.918625401951196,0
0.883678130117898,1.755182728593769,1.3142052827637516,1.54971937622633,1.4480346437743972,1.8102530862454778,0.7318087064890533,1.8266581138193485,0.485452455382132,0.529126888997582,0.04232319964904052,0.40245044922511974,1.1771225816204212,0.9435208350406905,1.4922653577810723,1.9524766202571522,1.5015984038992214,1.4074844693382553,1.5364440313471008,1.9661449809626097,1.8220376537986738,1.0722175577112432,0.829875039814346,0.6148923155885191,1.8167630664966188,1.4832088076045524,1.0624318337568988,1.558023903333346,1.912570435763815,1.9319732821271949,0.6506727108329299,0.41553070097595934,0.312963922853452,0.2350458784559195,0.2996693454453384,1.913882558563599,-0.13441026610445017,-142.61237271799962,-46.182003294908384,0
0.2490803666152548,0.00897395166691517,1.7339706728248958,0.7814891316790706,0.749474440685741,1.9229016711301183,0.06682403319124197,1.5923801007244007,1.315802365172297,0.5383311846345393,1.5474679104147608,1.973680087770834,0.9738196675260145,0.2553510078279133,1.9834161351115154,0.409909253724124,1.4914704953864146,0.8463976436927592,1.354105493118889,0.2905089479139775,1.1585725962617301,1.9445938425163594,1.0459495891296975,0.6055905774278667,1.752044522564111,0.6600865120021238,1.9394752009633272,1.2042777939877178,1.1275671098863427,1.8301255915815906,0.606226598519704,0.43746957917930174,0.5637589294101333,0.8164183789826476,0.34151887482167975,2.7653923609134665,0.4974365205436053,-94.92857521595772,-40.748189455741645,1
1.512817353060102,1.8856139428488405,0.08735573786375594,1.5217218618024386,1.8305578929657702,1.7571088264124073,1.9903816942112538,1.980981730045411,1.252692105774972,1.8562776995395471,0.7048112576651606,1.7034085755094097,0.08019807527009326,1.0889319229691279,0.7453866106713063,1.2437596754065712,0.025363961113932243,1.7475674140402129,1.1445026304528583,1.9999082083776,0.29437562222353275,0.8720958650046466,0.488809743258932,0.24844452881673695,1.7048805578852655,1.171002174404822,1.7773942690651487,0.86517367591359,1.6251917452056983,1.6092339281762542,0.9714299562953963,0.2552279233783352,0.8983991520420954,0.19969172861723672,0.023695536474030665,2.348444296807094,0.03573947643206843,-115.09228497479911,-27.3606557904388,0
1.129212694330583,0.6069015626082102,0.899450446795252,0.7323398005655097,1.1941926564358432,0.9188735154307959,1.597362908731284,0.9362511959033384,0.4471497483076974,1.400848532171882,0.5003120055382912,0.42600110828696436,1.4243791077586545,1.412111028718612,0.7074560039315652,1.251767135456981,1.0268058166956162,1.7470158719673967,0.17576712184946697,0.47351010489005074,1.1906765205553422,0.3419523824952351,1.2837389477463343,1.8625094306395085,1.7275503550308335,0.22076225755810452,1.858803062323166,1.5623862984335812,1.6994409237171086,0.5251719883323254,0.6846541092845361,0.8977299234775057,0.7526390428667672,0.9683713070588167,0.30066799347833384,3.6040623761659596,-0.24178762336485604,-97.92943729656085,-22.722641087856037,1
0.6005749278075121,0.7543640657649369,1.0063212337313414,0.24031339095982385,1.8282827233648824,1.7542645642757984,1.8630220038474197,0.0372529960614143,1.1904192976302257,0.5169014643042602,0.017703983042533844,1.2884573091910716,1.5525604764613654,0.6750394370084791,1.6410458145400075,1.7137354910336158,1.724951463517231,0.13065900042462508,1.6681053881694154,0.29059332722944897,0.3660848432955417,1.1436557377235785,1.5828004837037992,1.650919571634374,0.7744204875949812,1.4473699182655717,1.880704473364421,0.6507118281617381,0.5019057052640461,1.912113807203332,0.29294382416958475,0.42704257439496596,0.7273632094665128,0.769291492977796,0.7791203421707331,2.9957614431795925,-0.10846820875268864,-76.83649081352178,-30.003513623912387,1
1.2562081832149081,0.633882177296434,1.4030365131632798,1.110091431466642,1.1215591653220136,0.6118243633779286,0.37822280497285155,0.819233998359802,1.6213136562610184,0.41265952605956513,0.2552901480607279,0.9744315521975218,1.4516885630710552,1.5669617324962897,0.4654311507218878,0.6248834900638212,0.21944045309234084,1.6974047026416867,1.2786348987859564,1.207602488139509,1.1593112045994045,1.5695524254964806,1.5820495873545828,0.4397147945228075,0.48772979709543907,1.7223694266901832,0.3525346363741797,0.04318412921461223,0.6084511172534335,1.6005868616013847,0.410417493840456,0.6734003873378555,0.7495993287804125,0.47543827622781565,0.5514416772496729,2.8602971634362127,0.724722885869497,-97.42991704507195,-0.8272796417663209,1
0.6715796820036559,1.996262887473401,0.2700992437021532,0.27044010021699383,1.9998384350221317,0.43552735687059196,0.9772262431463437,0.07407927988539287,1.2581616211823061,1.5363284565507458,1.1714003008633183,0.3862673874832183,0.6857390972134798,1.6676197771054477,0.22771537639516715,1.9325190468783389,0.33389680709236313,0.5052879568022544,1.1898367548178796,1.5905334037745777,0.03691806460574765,0.9867628628299272,0.7784412427911478,0.19091117615075248,0.005034299427507216,1.928976203110791,1.6253731260819178,1.903031969781237,1.4059388389547538,1.1943925259358061,0.7170174665968194,0.04273222688029976,0.9622953254461619,0.26573540071377466,0.10733674134318005,2.095117160980236,0.876474591593789,-119.86642494389447,-15.075329955815459,0
1.67165359046834,0.4820162134638428,0.3993094281562444,1.1245153856853425,0.8623865617016271,1.8817111029084372,1.236748268492803,1.1035557683303037,1.2803968028522823,1.6843568314863102,1.446730841490666,0.25627561264353993,1.1393824066690648,1.5602779056506564,1.1374218071266893,1.6176339885787432,1.5847625539688845,0.8943185416485995,1.3410385811319003,0.035982412455228596,1.2368308278849027,1.3127775776959916,0.025047960822435877,0.5884117283412016,1.8320906123729295,0.6944698866851189,1.7481188172849482,0.2290870533866678,0.55655262716268,0.26007145315037206,0.031179176614568038,0.43788301072740454,0.30019951189161664,0.26141974134209456,0.5337008575742151,1.5643822981498992,-0.23364528341740087,-99.21791490197938,-11.670041024413491,0
1.8543262997664258,0.37573889935405425,0.1865788768713339,1.268678086304561,0.6882888726619534,0.7389818909152623,1.7114408198870315,1.6381155438785935,1.7113918756225832,1.7153619190486662,0.5320067140202773,1.5098643878940308,1.9741148489765885,0.5638245334061163,0.6280525239908181,0.8691715698201419,0.008338686192582268,1.9460549741344138,1.2748716197053198,1.177449535114258,1.2827962116585654,0.8734564189100935,0.05674951754377733,0.738788884493006,0.823086200175918,0.21817075841870825,0.9788081746916986,1.3509743094265205,1.6082123512242092,1.856413039012813,0.8165417781148363,0.2339702634228884,0.3581733549429684,0.9311492573426402,0.8820304834286526,3.221865137251986,0.9983343069027484,-100.82938862654264,-5.395555477929848,1
1.3626640074955307,0.8484321754078568,0.9250075567929186,0.04044016247851534,0.35812691770270977,1.1667847827306335,0.2343916643191717,1.525705198103539,1.1798282240513973,1.7584949968089405,0.9095800227944164,0.5399573023880921,1.5280249852043737,0.0046512854701172834,0.2867121083446975,1.3902108307975118,0.05965479872714319,0.748243878336802,0.7507349148816407,0.23717033427385892,0.02494370656286571,0.5112916655330619,1.2518417362133705,0.7049368939688674,0.64841520204083,1.4096265567495305,0.14825525298554298,0.4517729903231782,1.818566211471684,0.31581995131831175,0.18909609235454272,0.7468419341236842,0.9017050263035228,0.6335920417090307,0.32075815190658363,2.7919932463973636,-0.16228915865258708,-114.59776111761994,-22.59423241934146,1
0.5919505159418894,0.40638798524963193,1.3207286209128057,1.4852684290348048,1.0051969825681886,0.7299440370659558,0.2250162735667216,0.4077126961782558,1.524582608303216,1.6143094240749714,1.285122497295471,1.7476995243515931,0.05448984482453012,0.699199427866154,1.4957342201062407,1.2821788165303538,0.3386880211991088,0.9781053612827793,0.397939667023969,0.16930946307103945,1.0030770235651676,1.2688198525607068,1.1420873811006786,1.1913993649037338,1.6720007796655703,0.5439305768805613,1.2909540403957094,1.9569748572117074,0.39074419757981604,1.9934510131201966,0.21975535946334723,0.2883739633221193,0.9389187609225924,0.6249384720670347,0.6170003075886069,2.6889868633637004,-0.27025232440091373,-140.90710106208707,-16.361166095518016,1
1.3205358057718892,0.4520009778764216,0.2288197996220256,1.332068381211604,1.7251256038015057,0.5289940042589056,0.6735915707882716,0.8712818964242977,1.7913923576391557,0.02482424997669752,1.344239266878177,0.9914319029988707,1.0499781238898853,0.2162645537941612,1.8815019493951695,1.0482426635850648,1.357863981413559,0.49323884195185475,0.9184759590603773,0.2957391540857137,1.4584480366794155,0.7278165969789858,0.5111809280077138,0.8334289538530866,0.18825846695421844,0.2964291273366193,0.27431853663807604,1.527228881361447,0.42133061950253814,0.9368981404962351,0.8696060136421535,0.09469237988416546,0.054556424245617796,0.15406638971474862,0.015435171666626779,1.188356379153312,0.844468151630758,-108.83266332457589,-15.235656971359251,0
