x1,y1,z1,x2,y2,z2,x3,y3,z3,x4,y4,z4,x5,y5,z5,x6,y6,z6,x7,y7,z7,x8,y8,z8,x8,y9,z9,x10,y10,z10,m1,m2,m3,m4,m5,mtot,fermi,band,toten,class
0.4314557050921404,0.10751291591456313,1.3966284852299167,1.679841880880421,0.1217774872717532,0.4823164466858052,0.8769329862397819,1.0951265674305464,1.4780436541016122,0.9719404979317321,0.6943127507443159,0.7769477988410995,0.06334413946810824,0.017218142453463647,0.6396899677853998,0.1244385228381657,1.4595926012400968,1.4511302258463332,0.9346835909081905,0.9948944219971085,0.45409923013104914,0.2531819363686507,0.4783410862379194,0.1575585440986218,1.3465869144322191,1.4221262160426849,1.714838528495659,1.192020421944364,0.11430380202430102,0.758407881302807,0.5279471350262449,0.9391922021199395,0.17683571896757433,0.2025608740689453,0.7958213026029879,2.6423572327856917,-0.10157631520931354,-113.89853025686558,-43.3589385901014,1
1.6449927692838124,1.1970243608613924,1.492481895910979,1.129910816437962,0.9000902566603244,1.2451202098106673,1.975141333981154,0.5538115726611035,0.09847118202367233,0.6192375985947955,1.364566233645606,1.9240478508366097,0.7918385146420324,1.1100585974758357,1.8099967694363899,1.1067824463066331,0.14382923976513662,1.9263678074830073,1.0158826451970222,1.263210847823934,1.5509194778256838,0.05828571245832248,0.9701241073068696,0.11556939362981633,0.3969598478127989,1.2639640347916954,1.6778576929759244,0.9089755648100817,0.06442680037355597,1.7176968584418468,0.328478185749145,0.8593053499217473,0.7068222649502459,0.17417249144275615,0.19335676319782402,2.2621350552617185,-0.44124276004685964,-113.27618199611948,-9.799597401272708,0
1.802870909419402,1.2364788910577997,1.4874455013278807,0.6031731136201648,1.6354347794076078,0.6907527468001453,0.6821378477640936,0.14599721132791132,0.8453904582127911,1.6742350836115596,0.17772381813292037,1.16676062514353,0.6649486024096711,0.007455874573627064,1.0285753766748353,0.9518810197154384,0.05142961523126188,1.700421764284543,0.09168389783822928,0.7776138400833374,0.6555387497506562,0.15714128121471949,1.9281773825553257,1.3641704877391436,0.6481829319403365,0.758066641505186,1.3475143890984034,0.32347932853338657,0.9411652981451115,0.3946400810373265,0.3236290627875623,0.9249246290938743,0.00535783038040516,0.07891734456773014,0.13118709012945384,1.4640159569590256,0.4607173853739508,-71.40859759702921,-29.068980745180305,0
0.7309823867396636,1.5103624344676738,0.20417833405905705,1.4564971855645752,1.2392752899215638,1.1791803550187223,0.9088032883411683,0.29965857371315985,0.7633253038640977,0.16634831465511968,1.1434328748472835,0.6049715344518598,0.9002337103845983,1.4327724065480325,0.34701073599570176,0.9470266840126598,0.8344848878855724,0.2875889150844515,1.6873265105351645,0.13367526910694516,0.6045546992143329,0.9406582455559624,1.6203044625198009,1.385345493469872,1.4173349382880822,1.9468899537658284,1.171826390231357,1.866862881674366,1.0907561357452689,0.3460470210403479,0.3522757863257474,0.6609390233739044,0.2737482979422361,0.17612768911691745,0.44957271193016834,1.9126635086889738,-0.3063516544781911,-145.07927045991113,-8.523786466814098,0
1.4382815085930496,1.5617225784587707,0.5245403573700556,0.7844707760357634,1.4717692311801476,1.334636875957435,1.9433564631590305,1.9838349231140566,1.011546260742752,0.8695385815795997,1.8653274268388618,1.1643830928678143,0.8058385516056874,0.8831573503604493,1.3249202859376492,1.7491338638906864,0.6710068313951314,1.351294086736018,1.7269416257469912,1.109789102427599,0.3907966770930895,0.8973566871824854,0.3560999175009887,0.29986256060569616,0.7221278887793969,0.8754040709559232,1.7089810136642283,0.1764183708374636,0.9204120703012735,0.4299761081442266,0.2823544286738393,0.7755157980060744,0.49913986660415655,0.8653096268736327,0.5099042462072205,2.9322239663649237,0.09360115866147933,-139.8611452631514,-1.2875468412070767,1
1.5706393667166425,0.00519580156493471,1.5617098254239825,0.5999378796088188,0.4486322224891397,1.1193328512736376,0.3588915660731682,1.245210627968046,0.6508602894905111,1.9745436281472897,0.5930177647858916,0.4243597628507336,1.424902278472485,0.1760280958253082,1.5702591457777508,0.9440384916518125,1.0148689938211863,0.030351462527874018,1.2324829454788881,1.8870762199246425,1.3109228117387657,0.0030489792592369724,1.343873774435341,1.3480106680894748,0.9450849784499349,1.9044432821028274,1.0737489412721624,0.4747517070134313,0.4397512647593498,0.8199264548950607,0.11175917023873227,0.3438811555431671,0.7648158230010014,0.5695220198869636,0.5483212992554992,2.3382994679253635,0.10981569031684746,-99.66655537418106,-43.27665108292968,0
0.7333437757072965,0.9997953993367332,0.02646704627528118,0.876453125507711,1.0489635821743264,1.904316163581618,0.4578707619228566,0.7410364189528724,0.38790860186941734,0.5372862696182241,1.714781425133475,1.2433058946971738,1.4558312945490104,1.0384265492398994,1.3926674128752283,0.6820561244325998,1.0330635581981145,0.2213375463110423,1.4850852440088458,0.6216710518939617,0.9166955571404221,0.11095143968116794,1.8585631015461157,1.8312957793653946,1.583804254822914,1.6640387084495751,0.2831384772116936,0.7999738691460407,1.8167253327433974,1.723005133629754,0.9738565312317752,0.682477007519669,0.601368019369723,0.9843433410670216,0.33094074634997794,3.5729856455381666,-0.40973769201902605,-112.59460137601317,-30.39401563310562,1
0.9218295699565147,0.4032261678649416,1.624896637131565,1.7374417242782663,1.9752978456426378,1.0979858752161196,0.8840158126818833,0.7389937419012611,0.27820681056599694,0.7658778582371832,1.3510102120406045,0.204818597347318,1.3461519249112652,0.1551376009050478,0.5954258361741667,1.9371570751348755,0.33224358455690495,0.4398289321314728,1.8403915442393457,1.8789247348278546,0.6547022471010957,0.9959751777606709,1.2862925107573135,1.2600602652161286,0.5201126366891113,0.7581387239249677,1.7695177190134572,0.9161275133004754,1.823794403506703,1.1676560651084242,0.033409435210394856,0.32290594243781023,0.7278989714955977,0.48377859464169803,0.014369805828073123,1.5823627496135737,0.4266183535898884,-65.52914828463912,-29.76879524168416,0
0.6177460891342736,1.550811653380712,0.2690325924380572,1.4284938985172928,1.846398031962265,0.6923042012415543,1.6219504746775029,1.3381017638137207,1.1210650624883114,1.6330109155643464,0.7085479469337705,1.3908073625180393,1.828628959706679,0.3685983679534752,1.7937083318868572,0.5010852574748879,0.29344531093464,0.5049402636316356,0.9334589072352937,0.5954651525671686,1.8870558387630205,1.5774612907201782,1.784288600472232,0.3818015016503633,0.19056440571313993,1.4554605673879573,1.9443861911359133,0.8423765582618035,1.7046906611561343,1.6917154116165019,0.7058017647740717,0.2894346810852131,0.44816506537247636,0.6297252118570408,0.3667743757560268,2.4399010988448286,-0.33898053374511256,-119.19312098081582,-13.779238724349707,0
0.6882128856357044,1.3112007760539361,0.8655585897830653,0.16153276434679298,1.1155651609784454,1.5504593955742938,1.99262161447128,1.1906052635299889,0.9481875591766773,0.11556121627131244,1.7019454259113496,1.8210598176602344,1.6144745983162756,1.095574730870064,0.6366309564654018,1.023960978845397,1.3665169431668445,0.8402010396925059,0.25944332108102364,0.077214345606891,0.4812730490261883,1.761076113245812,1.2089690036754868,0.8354118840724778,1.1581578824625272,0.4446254493263162,1.25685884401782,0.7833654728098796,1.9873632404247532,1.9584228692361456,0.35705002101189787,0.07283130413149419,0.7912649595997391,0.4874808125819998,0.5681310080365071,2.276758105361638,-0.18875903966196145,-77.50589913245126,-17.287339229323155,0
1.3405266057575642,0.8277658935486654,1.683587444709726,0.35097404319768577,1.0490241163652816,1.9347696406929562,0.24622780913016262,0.9869225352953581,1.975529599222833,0.70513669773947,1.1712143551693817,0.13962835242858906,0.3551519950476274,0.09936387805691838,1.4136207813632393,0.15655679188713312,0.48396649455571983,1.0427378386086297,0.9637152574338408,0.3471072360157532,1.5299709000130206,1.169668466810289,1.7940826102608074,1.467716498256824,0.21486893476629865,1.847328705932229,0.034956939719754665,0.1052514136074012,1.8317001110460904,0.9699360296437172,0.9051837183606417,0.4268373322349417,0.8114173976570597,0.3013202736092483,0.31383062217752045,2.758589344039412,0.286151470754916,-59.4590957927236,-30.78332966925985,1
1.000458067954396,1.289845345997166,1.9963250892556537,1.2493709037234229,0.6568068177481701,0.7002440884759114,0.9355038159247935,1.7693198762812778,0.9661526095448087,1.3560967779444852,0.00128081053488871,0.04027809280561612,0.8739938947029962,0.07385847283346636,0.372324287172074,0.5034422828187513,0.6104380555793736,1.9807167753125723,1.8554664326511243,1.5222485395429477,1.2482901782317388,1.5689990488156471,0.7288860084184816,0.04477742141612051,0.06262311384040031,0.0010930380292519803,0.4554571485672838,1.1251518606913513,1.9549384157402938,1.4986196698307477,0.10840686082369289,0.39946424428782534,0.7825670576923571,0.17264701993716292,0.7422237045031873,2.2053088872442257,0.7808945260418303,-142.7989654783422,-9.020590888671709,0
0.9160017032229153,0.22748665665224732,0.19769224263015417,1.1444508592507516,1.1777285138559812,0.05241765612721183,0.9008705579653671,1.617754680123331,1.25206075796687,1.620936680840529,1.021260539590543,1.8626389327390176,0.6980777273742846,1.2506261385377422,1.525776955025787,1.524329405831045,1.0134598014013794,0.2322808887125516,0.7774344154780881,0.9440969794067202,1.1944976319549823,1.3136160044186915,1.9350882236525129,1.3202414150516013,1.8324286588802945,0.5142147202960916,0.4251760850694204,1.4435373320712164,0.7097208770161303,1.3036495560771735,0.5285933992945488,0.4615375595134291,0.1697761713272119,0.14989962245041066,0.17835259645294643,1.488159349038547,0.2927305487151375,-142.29523836082228,-21.20591472154352,0
1.7887961084096933,1.5463391038851986,1.3464656858649242,1.8063856722600427,1.4420213140298421,0.8715985977404479,1.1487021048836603,1.8136015173553857,0.8967235125681869,1.423872011182196,0.977784751230081,0.31950228255921287,1.0513100822594057,1.8556145165198794,0.15948960918273447,0.9785235602948001,0.7269317128120785,0.1302881628047856,0.09116935324248598,0.9367880126189938,0.22217761329280017,0.18407348156726777,0.9610839544768259,1.7747327575171687,0.07124803886997899,1.747057028962406,1.3191249732731303,0.6621082498197983,0.7078231927316976,0.9742296399332557,0.34162608759312607,0.13232290705477479,0.9013938334836571,0.4920602098322432,0.8608328729410248,2.728235910904826,0.3490976475234857,-87.79038313821727,-34.51396518277741,1
0.03864448898247108,0.318861815276984,0.013405498639919466,1.892154370980483,1.9160536506930024,1.826265208224604,1.6837627273672529,0.9311086232389714,1.3720699869399746,0.23884211358747365,1.3457870101691911,0.37438911090874094,0.8749605451123013,0.6136054496454451,0.8993643578075261,1.6768575630287386,0.5676916579673039,1.6931313794805942,1.9518603612892427,1.563712127563717,1.9652523240021238,1.1670901634005937,1.1984236638572041,0.7989259194497886,1.4783739248272136,0.5543676051033566,0.48948502842818153,0.1573739112165049,0.4683908116604183,0.6501167651692839,0.2436392981880573,0.8852943249580486,0.6258705591762186,0.5502377964256292,0.8125825388995027,3.117624517647456,0.058436547199633426,-72.37577802953325,-24.795825592313275,1
0.9733629240667236,1.6599423432765041,0.5222932966518077,0.3200345051340747,1.6526808147564007,0.24877587152216973,0.6600074064875168,0.8204948638594218,1.6587194560069023,1.2049759975856331,1.122967344143001,0.4920990126851801,0.9099044092845558,0.7713255262062697,0.34223873785938763,0.3139470908189963,1.7193520337903447,0.3879540048667116,1.3717234379147611,1.0481124349468478,1.733319282191443,0.05926995482276798,1.5327791990197899,1.0101633879100531,1.2220988893627842,0.3281705577613414,0.6567080418837556,0.21232417205049714,0.4694016553882554,0.8490161825546743,0.5543122268944677,0.675369361539479,0.34479417658596123,0.35723972952239,0.8265294367286494,2.7582449312709474,0.7230243960903224,-118.4615098711466,-8.925105893435065,1
0.7407769405125542,1.1653845490482295,0.9624934712043394,0.5226491316905859,0.5702520942532778,0.40455227743920963,0.3420267699808053,1.284737694776424,1.9556549799776968,1.56379478417054,1.463180870885923,1.0768663725039307,0.5209335340274921,0.7600831253015254,1.7693730605040556,0.8952228193444312,0.19252718895203036,1.9945480134828584,1.5902978878043172,0.1832189595746898,1.5835200633004234,0.11728849052529555,1.9692961351482003,0.7924025614526329,1.8024483752137206,0.18871069173103194,0.24239001327347887,0.6236342740139558,1.8499061514611668,0.08602704965001662,0.27632544483128674,0.9035901529545459,0.03412984932242935,0.207630546586958,0.581372945734299,2.003048939429519,0.4931706836860519,-73.6349709592176,-24.200352364804512,0
0.6786098221719774,0.01595657388106675,0.25298653647079794,0.6677328368341935,1.900936997123994,0.8606687185164843,0.8171796536155669,0.4768846978027479,1.9057913777410265,1.774239163151871,1.7218989411143364,1.3830522405900052,1.246979837938025,0.6080364545686157,0.7573650223561437,0.7344849568704082,0.1946122311148879,0.5970357576835064,1.6640215215662926,0.6459055237511655,1.6128273093052725,0.10413273646459986,0.1098182040387079,1.7751028962959494,0.9220352176133013,1.3501693131384296,0.9286742634285354,1.2870438882240036,0.19598240495180397,1.6109487985749755,0.8751902775669339,0.07031752773208655,0.8732093538216036,0.47326169207396784,0.40509276986482057,2.6970716210594126,0.47282291389464004,-120.60392399302793,-47.58677454220518,1
0.584774470300917,0.5306786963128707,0.4634021106938615,0.048817531865483765,1.0247848498881817,1.557701755207232,1.5943538338566625,0.10613787235270067,0.9537623442704446,0.44591874712739177,0.33465282050192524,0.11139350362127076,0.06017757708811211,1.0484341954643634,0.5586285351254738,1.8203008473757099,1.8574111731916443,1.2023983522794879,0.48493969496793343,1.280202774881844,0.026980559070741483,0.7472708629240101,1.7027401646748646,0.30506428189302337,0.3033758120468777,0.7971832242424017,0.28983186796294347,0.822874216627667,0.7681070042931393,0.19553489181394434,0.8682007878856179,0.42269835021083235,0.3901154254369794,0.4210064057618047,0.186167638109052,2.2881886074042863,0.8402156136267671,-129.73589321282057,-8.925510480916893,0
1.3721083985320761,0.10926677960197129,0.059672276703098825,0.6679536435550839,0.6754600740650325,0.8325071334488783,1.5024010957657987,0.28031531508615104,0.08827723303493484,1.4455404376604202,1.5379834301668134,1.4822041637126688,1.1722509170738624,1.6667282131593293,0.808289086936351,1.8388915037411473,0.9683350029948343,1.1317428810109533,1.2160807257797133,1.6229411760100096,0.38325388547674466,1.4888083145152209,1.222011611143372,0.7641942900845928,0.7459272536721058,0.4065681221091031,0.46109840521618217,1.497464727993497,1.2899532256080584,0.01378505294597887,0.7510417726322716,0.9032956635068473,0.12406977819185128,0.7759332117876121,0.8995576261305893,3.453898052249172,0.15905981543087133,-140.8027615025518,-9.472118778283662,1
0.3331753348409803,1.743788948642114,0.1514622505091212,0.2904002879444947,0.022765223630580422,1.0557380341991267,0.3459870668533471,1.3279435932212997,1.0409861705316288,1.7723584328114153,0.4467887480511925,1.2338060008867922,0.5776438660157117,0.1949716969641062,0.4553520935112294,1.0954365387299498,0.6700688702129292,0.3376812146869319,1.2401818138558292,0.6021802173901822,0.8310726228765921,0.061658740465924566,1.9022858088536372,0.19421329983102065,1.9271616529058926,0.10921238489021023,1.2620554762551115,1.3225750522809145,0.6969411017901777,0.4562017563390919,0.12717436915088476,0.6123580037693328,0.7863071104684648,0.5369870765955628,0.9239186452899281,2.986745205274173,-0.07381005392082018,-143.16583086850932,-33.96944067916865,1
1.1082631307255981,1.4875295189456808,1.4234197971113214,1.8456086443634199,0.6543310045734494,1.5287238086904404,1.646790088796937,1.288741926747782,1.6979973635174086,1.5883052271815619,0.17009696975738664,0.3873635876983419,0.5099913542566883,0.6252183634182937,0.9807687798264371,0.5198407847943414,1.1882127440021373,1.2028639866575532,1.3809574555908548,1.1844214191255216,1.4512108491696187,1.9261189799721434,0.373861642327453,0.6230652372469503,1.7970026960720773,0.3780159035402104,0.3110180964261886,0.10466112439528219,1.9000921909091375,0.044639654716766675,0.9978111012032514,0.3555144302537868,0.678189900846595,0.11489953896100769,0.6034911282099084,2.7499060994745497,0.6551491584092728,-113.48514023972675,-1.1417419033695586,1
1.034041212964193,0.7129603356487886,1.999470115783012,1.7270609045050003,0.9747769609095198,0.41213690342844234,1.0538211075057642,1.058073814922016,0.8350495580283437,1.8711161793086108,0.929068206985344,0.5521110563342253,0.9265178601793052,0.36866657321688234,0.9314957117561677,1.419769427600959,0.25730779525713054,0.3990496168039823,1.4478834121854702,0.7513265978024875,1.909297017667495,1.974976333940116,0.5934667995529248,1.9919999376644686,1.4332166910582145,0.3303409105482138,0.440384162429855,0.12546999717369012,0.9273274682347727,1.663524124092935,0.3483308538327895,0.8109985097549228,0.7657671342076157,0.48911259948973995,0.9490765447878647,3.363285642072933,0.6026627457322777,-83.77763821451876,-2.087500127032399,1
1.075341529953948,1.188030346840596,1.6568739828673387,0.5383512475394343,1.7195657531653206,1.371099292696144,1.9404828191901733,0.5101986538916201,0.8198878003295682,1.0862948027000694,0.009318757738580263,1.1880243496061471,1.8059221812641366,1.6099797384200647,1.6463446604546155,0.8258021468560652,1.8822233438642875,1.9759229284226147,1.5701521897707846,1.5084948165123389,1.135182806837396,0.8229159170220495,0.0675800771607602,0.27311841726498387,1.1084983422600532,1.1361044020200435,0.23471813457063928,1.6471098012841445,0.7437592708348806,1.4242025812346266,0.9667324936459767,0.658174290444996,0.6204581880099879,0.650923733928055,0.3295751286748323,3.2258638347038477,0.019500422789660687,-55.534840550500356,-37.86321230657037,1
0.4071034398655209,0.7875835880123196,0.8117626166613054,1.5996582755346191,1.2044906395901156,1.548753610470513,1.8443566318767197,1.5966024349468664,0.17410201279918347,0.6834054162347418,1.0887980209163601,1.7161911369569525,0.2392754049967869,1.5299169931500256,0.3473224810510236,1.8066478582440444,0.5124729613410388,1.171740244509665,1.1005115123517086,1.5558116254542527,1.8441522768234184,1.8202408275386728,1.923524350279546,0.5514007843246127,0.8031756455545167,1.3596393464671255,0.7635535728255116,1.7156008927361583,1.9673537197146869,1.249792767359928,0.44435214067643103,0.4715149771719763,0.6008280600085533,0.8632002567933004,0.030030096550089813,2.4099255312003507,0.26385636909610033,-90.53167393685382,-26.347753205242768,0
1.014402186670553,0.4297119336780224,0.5865316083292207,1.9741799118673997,1.0070802019659197,0.2038823268489205,1.8850163078099833,0.1634647757822092,0.762484039692096,1.102470666539499,0.25930202920342205,0.6102924236705491,1.1696180365722921,0.9617635894869032,1.567585545095612,0.35992074182723055,0.3298901563161436,1.3142924975498984,1.2892793148990256,0.6169602697103858,1.93805021807069,1.4714555101154974,0.6445055034951823,1.9305014068041506,1.5365804795133158,0.4406901099015763,0.32981437198214536,0.5696118691101388,0.8160340344715813,0.724302218574497,0.47271519627485814,0.13770456710816892,0.6439512661267245,0.34305312447597114,0.6517065465082277,2.24913070049395,-0.06977631152119057,-97.79700761210677,-19.158533438508364,0
0.3914760296280835,0.1273944301201666,0.23946469192396713,1.9769871421451093,1.9613079551763282,1.2242740062446273,0.5279803790863029,0.5654755855038054,1.0990894657722232,1.7504628235869895,1.179771203154851,0.8288720949118291,0.9331999341026531,1.998436926360606,1.7133987882763952,0.25573324699646327,0.5941922063469178,1.7687578486825482,1.5281805602023943,1.2847128071886862,1.029868308203242,0.11473584758186317,1.6667424738228995,0.3154302289785411,1.2038396032296894,1.6013286050048219,0.09194268898406421,0.9117415841692258,1.3036661507256861,1.9857904511677242,0.4146928432790833,0.21789894661111076,0.8549724885857671,0.7825413521469202,0.08633155980201646,2.3564371904248977,0.0043242050595850845,-62.27836262403419,-39.19282009196359,0
1.3069105464288109,0.39432903333870395,0.6049214578671025,0.17294668542179004,0.9459984120619569,1.871393923644305,1.0896993516943647,0.23266088453048317,0.5778318426603983,1.790116912801486,1.4818425199425669,1.757128063037324,0.5502743404727244,1.9217968487707555,0.8563690034402613,1.0883895436987545,1.2368098186640866,0.7617030240517855,1.8112369865931863,0.1017818025562176,1.0906489129211199,0.5103847515643496,0.20013783274053631,1.1018230330022014,0.3527445226655792,0.8995927524145511,1.280197234844423,0.12634374787445868,1.586018874897562,0.4750121858421532,0.552778593244251,0.059442080293768185,0.9363168566201211,0.9032449560393221,0.36312878238680424,2.8149112685842668,-0.1109231652669947,-64.20743240654649,-5.225849089732049,1
0.46973422685991895,1.1094879211372939,1.7805523423589724,0.021763314538697065,0.9389958038291761,1.4302071170076116,0.07652670533508665,0.30452012516530336,1.5148225730095226,1.5296891749244859,0.11630990568043043,0.13688372634005708,0.3763316605335716,0.3280831386459391,0.9451136451667095,0.38645497081532665,1.3043586446774649,1.6190906529738365,0.7165273389246769,0.7299809536358981,1.3567344236954129,1.289585954500013,0.9880086371840218,0.3393764924362528,0.49220987150497475,0.8250650489827396,1.320676755777624,1.2033133369581113,0.41002244945886956,1.6215357628772171,0.4474927985667094,0.3761734320806598,0.5364420962550898,0.2904086161869055,0.44756509954155366,2.098082042630918,-0.4477792264268899,-128.76914264807743,-7.770951175771479,0
0.4994886001939809,1.1642421937630174,1.3109508798115148,0.5595398010970436,0.4595990068850797,0.6974673074653013,1.1294981960229755,0.14376462481283525,0.21472190708160976,0.7284101115329775,1.6853354427978997,1.059455880880175,0.7050509660509137,0.8820468606680592,1.6669704534221912,1.4050569366555212,1.598764967258588,0.255750062089364,0.06171598795676925,0.8824705284859076,0.4894393954328542,0.5657764481356264,0.0607382134697263,0.16921467952397573,1.0713286622922193,0.6890765597646944,0.11874390870278528,1.1270808484277839,0.8636964840766668,1.1434803006644771,0.9858599862026494,0.41143645346878,0.9262580476892719,0.46679459257359257,0.02307819803565958,2.8134272779699536,0.6216969778498902,-134.6423740662631,-42.621710602024656,1
0.00954448668786223,1.619913587512558,0.5774254365159421,0.33066619165943023,0.4294896788435514,0.7144359481885207,1.1452649310446203,0.3247329464710844,1.8173142368655912,0.39339317690303277,0.2155067042236003,0.327361685392644,0.8885594322660881,1.697538215793414,1.890548009273391,0.5085577240193377,0.6042401430569617,1.1108893538948768,1.7093673537219842,0.7174328291397285,1.1877512169961715,1.5786115188618688,0.19586724521698518,0.19179642135218322,1.5831587675863483,0.03948748249432299,0.6347134255269256,0.5593682992971518,0.4250165641521402,0.6018254324709253,0.5860865853806903,0.46673057242906135,0.9014910684641914,0.3514043553074856,0.8745845759429458,3.1802971575243744,0.7228627089493549,-138.83516481004625,-48.92797020672308,1
0.7436074613720609,0.19153437279439856,0.3956262174426648,1.1898439043214362,1.7846619341497287,0.5418260236435546,0.5511542536651761,0.14377803026328495,0.9718964953480111,0.3570957390180953,0.04912752626865369,1.9264090786214172,0.6514221499574024,1.4839821065177567,0.09492436305380281,0.070504001286126,0.8406036715896319,0.33882477746391837,0.585050411100462,0.8574122323529112,0.6919447774354512,1.6746404010266174,1.2421273738751561,0.15760037062646837,0.9194679827109105,0.36489299666251296,1.7784176489589607,1.8313863589351091,1.2160312434663216,0.38086285380490326,0.34481238119470625,0.9160592419330712,0.9211539660928131,0.03840837473915382,0.02180815695355265,2.242242120913297,-0.12322724990252348,-107.54524701358477,-27.34739145298033,0
0.11394367912152426,0.02106295966104188,1.4686706766390751,0.5067861041158015,1.1494301654094412,0.4996049301083243,0.28455169294959126,0.25167416985483193,1.2919051593961017,1.1770990802825751,1.7158151661333616,1.8372417203124993,0.43434971481006723,0.4564708762534737,1.2854139536558842,1.2797897947582566,0.567056871022461,0.804984342882566,1.1766794038202972,0.9941561637148173,1.1468153823382705,1.9637292684043612,1.4281454478967688,0.4731055415279939,0.8735781748893177,1.7283813397722851,1.2515028093122829,1.5861568627238434,1.4997011211604925,1.1160917618977793,0.21033224235681436,0.9079895658559366,0.2152233103833756,0.4407805387406565,0.06059931578483524,1.8349249731216182,0.8603573177082511,-111.10435523107398,-22.84550476094811,0
0.07383346311397054,1.2284953366886402,1.5088225928095296,0.2620631696091742,1.6698490467435958,0.6665354208745973,0.4295471105333126,1.8819746198139073,0.09218037651760569,0.5321138939067622,1.9194876113638275,0.8171029793083846,1.4154344640406646,1.9727648800595257,1.300693987378182,0.535981569403621,0.18345957172415805,1.0431133741456862,1.8135165377775258,0.8603861355529197,1.2202287189908863,0.3961050782851603,1.8830176949593942,1.459920559104297,0.8244660721287631,1.8093824759633528,0.2976443731024314,0.43340360445093307,1.3330932714167907,0.8871799812680674,0.44092393114578454,0.9659790752967179,0.44419904402709964,0.21836087206679977,0.05515732205549917,2.1246202445919007,0.05391617509440416,-66.72252974887851,-47.20880664716777,0
0.09837260947004434,1.3016049128593208,0.5948557448138456,1.10865389564222,0.7391220315207394,0.5358520197676746,0.8075250430603584,0.2995323808295445,1.8335378478220952,1.7974842492564522,0.027262612372197736,1.8431578199495795,0.19645579959728332,0.08932713152372962,1.5488697125422577,0.36748186588259557,1.5680245560560808,1.6264702382894076,1.1967794903485387,1.2887947449829198,0.24638018170847964,0.9635141919501484,1.3386287962444536,1.7628858834760226,1.8588170202043783,1.5916547928461904,1.1558289770948675,1.5811234806683314,0.23537712236014752,0.17618439425440724,0.5406413579364426,0.7270924483410814,0.8109408823965959,0.524482533364546,0.8234763773316568,3.426633599370323,0.037895818790992686,-121.59248411283228,-26.980867356140358,1
0.9048539408400109,0.7604089081076286,0.5032668655639274,0.7335115799488563,1.8231521937952258,0.4839795323120444,0.5673823969915759,0.5266283346420573,0.439465531458181,1.7087859007782897,0.2747343939487963,0.9984037406621773,0.47201548772299606,1.624076047706244,0.615133953963479,1.953629485726716,1.1747004789493076,0.25626753774810673,1.4532127121052132,1.7545963154379303,0.6950671687066732,0.9297989165915881,1.944813725486005,0.8786266713288977,0.8135601530239058,1.2600885789757934,1.6618425603500617,0.31138103503371317,1.2375947995026946,1.3134409145813812,0.36984001463648053,0.7878213175427472,0.5518004308900067,0.40340810824334716,0.5978393695008618,2.710709240813444,0.9836332691667482,-83.33943558264696,-15.606285618412096,1
1.85578489737808,1.3921697160604998,1.2397140762686423,1.8444205627211174,1.2044743060677434,0.6199551710660307,1.3337023966985542,1.1711456190299052,0.8771717004487001,1.6505163494746602,0.889308890629255,0.6381549496034187,0.9203642351415795,0.3289579135048071,1.2380245445123101,1.3322756705646759,1.2894452451071616,1.0784185829531145,1.4303161023178743,1.1096369723958175,0.7645269827937984,0.5687681248144665,1.6059626785662497,1.3901642492856776,1.964894827587947,1.5051842925364058,1.2536629158465256,1.9812707289898717,0.15813122195450258,0.4352836604082866,0.26837157150292124,0.3980882061465023,0.054370683989847124,0.26001692041718305,0.42679714202150654,1.4076445240779603,0.5691044102093108,-81.73024280543437,-7.430097773716876,0
0.21513399810198774,0.2567647485352811,1.4697779431664009,1.6385129736617328,0.7524274064811192,0.3327313687349711,1.9198461106733526,0.2659413118934886,0.7804200801419525,0.4518143107655115,1.3301290206322043,1.159135050216074,1.3736206147618963,1.180694765163163,1.2729003112150494,0.9882066427440639,1.6708905630914836,1.4958632781958745,0.23774929331709638,1.1980158701122103,1.6813208444969645,0.3142752285360977,0.5428299397137941,1.2260574005206466,0.342665491783275,0.3985798316546143,1.7372603994880764,0.20343955901349142,0.481248938639814,1.2578772182984557,0.18515620918831277,0.49058199975269323,0.9419452158017353,0.5984040093740539,0.9715083423044827,3.187595776421278,0.574549166264607,-90.91136497421678,-25.38563567849365,1
0.5015792869117022,0.11332971168407635,1.962473335310612,1.5685534409303694,0.9539465083665604,1.9670369198413213,1.493325764383631,1.3100471459058876,0.517911467175159,1.5211924028345596,0.6675275094649993,1.9438067400902774,1.6026928200313468,1.9117518672652758,0.4371401799977228,1.6820949069141389,0.4800991801410881,1.902598925564778,0.8224659571510549,0.23149038323294446,0.02420017481181036,0.022627950257867235,0.802629088194063,1.2517318396727146,0.9650051809742968,0.034352293338813844,0.6753214851987164,1.4418558662409453,1.6287650291514122,1.1090739463021562,0.28370602640357656,0.2795046169560145,0.48383325483565454,0.8131877514347426,0.4153256318035904,2.2755572814335787,0.328904558502207,-84.80419513490645,-44.17171829681204,0
0.8123585672104394,0.25776847164971617,0.765333186338673,1.256148408289357,0.6877680174411631,1.4471331098554387,0.3631946902457177,1.2890377186048987,0.9766744604082893,1.031237452670553,0.9697897966821738,1.1298541132922857,0.2127509758481061,0.5133590379370856,0.8401115570270827,1.0611135063553458,0.6508738416220217,1.5814988345535668,1.2899146841640563,1.72848595227664,1.1350062239335494,1.380768699850443,1.1151640023090348,0.7660766675637811,1.4225387252271422,0.617437257634394,0.5429105529552367,0.26374644639867184,1.2486659428522833,1.0510501217556831,0.794988128962037,0.40241510686301163,0.05244675288208023,0.5273977131878407,0.8087696743908124,2.586017376285782,-0.401226048988038,-55.64457918800848,-20.598728630920522,1
0.5531817693059771,1.7723706275484423,1.1578517861598527,0.7428692280283722,0.811311248679929,1.5676947478386638,1.383800620581521,1.1006893627653407,0.2797557262986614,0.6541680284508047,1.51502081832015,1.7712430408016533,0.37053001848213407,0.5498855840689543,0.9418787730094917,1.9373454974307047,0.14783270430043238,0.6336537350924929,1.3312085702293324,1.0253820151103885,0.34471392087502517,1.5349674878424602,0.5878538659023169,0.165968464974537,1.2320860372446478,1.5358821343217024,1.5645299595581357,1.780838202512042,0.6859715748587194,0.2569126942200337,0.6431418856916491,0.18552152507623054,0.993927088382871,0.6721836859108643,0.5027392912824781,2.997513476344093,0.7132472444891014,-71.39823576211282,-26.781988655454363,1
0.3400738722232777,0.0025106004499937384,1.38596259853579,0.792545599780095,1.6262833585733192,1.912920343597278,0.5442616869430932,0.9871274167532609,1.0358256887307022,0.6081240531915484,0.4418883856183726,0.44053034293826077,1.4925804148434298,1.807432888421343,1.0608350501881814,0.45231145510003223,0.3156031968771469,1.2043865169688468,1.1919770477479457,0.6367616541697474,0.056048378393661835,1.5147754226497463,1.7061892330752588,1.4880928459590952,1.78736079914186,1.4901031655014763,0.31683407057056057,1.423616355662036,0.7831493356029522,1.790573646637299,0.7143683783214794,0.07684077647611698,0.4662152178931974,0.7997856958333237,0.38043543468629193,2.437645503210409,0.13055446698267326,-102.2991104484946,-43.48248478721288,0
1.0502741101234545,1.8756438788095016,0.9332625489767659,1.6110904819368528,1.8172640831037437,0.9302323899338849,1.2504866198550535,0.5990757297136289,1.2051375941312017,0.14163716502771173,0.5580854960927535,1.330118870117251,1.9656178840934273,1.9303369219224613,0.06500085437366399,0.783830626062431,0.9971309715047256,0.05849675731127579,0.11809787684516171,0.8642381861672375,1.7831961742186495,1.6003897963102047,1.407090893935724,1.246462629033352,1.0309747746508835,0.3271975038756476,0.5575633120635877,1.003367411746153,1.5150154525417308,0.9341003509181522,0.4685280196854028,0.856152636427595,0.6838858936674721,0.3968702911823502,0.9837976661295901,3.3892345070924104,0.9310353164347323,-138.83939672595542,-46.64004788452296,1
0.5903989815724238,0.4750170838322385,0.6657687730414183,0.09561686906408018,0.09582824346295049,1.1109908683360985,1.4815736880083732,1.0426829886765279,0.8568751922037756,1.1601022406308732,0.3164170439690268,0.09365930667792854,0.42125405456357456,1.8718133433155193,0.8266811785389829,0.05601160255929227,0.18420432717055268,1.051586152592852,0.22515618898493672,1.6014734339004344,0.8300861551420162,1.4312927967406874,0.13741886899871525,1.3818773400344917,0.9562548871947814,1.580285561808833,1.692032069619224,0.9677604577923651,0.6509450562952661,0.6651597550286579,0.3220107144758082,0.6324946832974958,0.06874365025841933,0.34380448288252874,0.6349201144147332,2.0019736453289854,0.708486807749557,-138.61957387583683,-45.61650236738901,0
1.1650118548261295,0.8461079142555947,1.4617301292972822,1.5542035010400592,1.2818258019231488,1.9776606395616627,0.12210615886488929,0.3444401693003081,0.689472329570775,1.709799714156733,1.9705870352958545,0.0840818731285089,1.6763555368554197,0.0768849171581445,0.14567990899157368,0.3100943934837812,0.6791158414999545,1.060042584648352,0.6324762590751611,1.2796730507937089,0.44248944094567144,1.0425986745785354,1.2001122350793778,0.12421986491495729,1.7805684916559963,0.9186754880948607,1.1184913962118248,1.2550563897868114,1.2518722700171887,0.13505474968312758,0.06912642069975095,0.4782060879619987,0.17171824460753427,0.8104169017962923,0.39307038998509924,1.9225380450506755,-0.13807808804091237,-141.3280573911392,-31.479931487391767,0
0.8108138296421501,1.0023242185646175,0.32344647682425487,1.53261036598866,0.6198758607034243,1.3863968569737852,0.2023928148371641,1.0569685784669778,0.3698914945770784,1.9444708769770682,1.2947714747262462,0.8556527933618019,1.9902402320197838,0.4494352176822114,1.4347456455802896,1.950285113159529,0.25186268093562636,1.5188976230593163,0.3098952944387996,1.9168378204630663,1.266254626129649,0.9673932644643088,0.5501248462343202,1.5795021381689058,0.32553178607666733,1.5026600488848667,1.139710814770676,0.2194944365164706,1.2269405894290102,0.8022603463848561,0.9336991707442449,0.696625308207129,0.4258257771288466,0.6085488158707956,0.6629397743452291,3.3276388462962454,0.8918280473166813,-147.8424488454479,-29.54813694114454,1
0.6284871210053238,0.933136510685564,1.4199245858421272,1.9564803127265984,1.9188984927312338,1.3083732684506428,1.0203497451958936,1.7289876810846407,1.57600632010516,0.9747273340655922,1.783299097683147,0.9896420253775065,0.18445882129073432,0.22495802346332905,0.9767719037692044,1.355467131180497,1.5794338435838728,1.55263865214523,0.5031666198359988,1.7089941340480406,0.3745051091501441,1.2272554172459929,1.8150143806056949,0.8263059482284716,0.3298526721382917,1.8766980673669886,1.9306704475035634,1.5911573010937685,1.5198312574889588,1.2810631013470912,0.8015351949350347,0.015632759027941145,0.941062985749041,0.7678250898789286,0.8275295729397013,3.3535856025306465,-0.33597556135114515,-109.13600754215648,-47.30641226188934,1
1.843232886435932,0.8830315664148358,1.916831902623607,0.8076236138765971,0.011253126340355246,1.9688822418462095,1.8677257717814097,0.22759078221768858,1.3666254386615102,0.463853977089411,0.3574751420102147,0.19660749842102887,1.815508217706924,0.6107280393056851,1.6171351041568447,1.4727288769676437,0.4945187891376661,0.09586187077762065,0.3890783345172084,0.3112909735334901,1.7380544965240978,1.1104036280723382,0.688284382842318,0.09008117540495086,1.9311579521631401,0.11258418932011915,0.5539338619703156,0.16004462443801293,1.4586063376490173,1.3384110084474778,0.8330983040169652,0.9145452861733262,0.833982497512645,0.5016631298606586,0.3416309755879059,3.424920193151501,0.6332822679936623,-93.1878347885135,-32.308714817008635,1
1.230539077924368,0.6508318811792442,1.5063491292820295,0.04178324440686798,1.9841032766929614,0.012928736815105202,0.0653399091051714,0.433508429774933,0.7207901074850531,1.8904801530899333,1.916809730427006,0.7778160593047547,1.6412453693585964,0.25422135626275266,0.7528420773998219,1.3341414166309744,1.3344234708732317,1.0077260412888345,0.27776492502434613,1.8497218227651808,1.0223644803391856,1.3988361339772128,1.227065426237143,0.5651640707696588,0.3165617253744353,0.17568326105642007,0.1384435112516169,1.1888941983108254,0.7727576683414799,0.7343407752047848,0.7996070421322364,0.8248926719132759,0.9324958333648785,0.33122683129544117,0.05982944980725102,2.948051828513083,-0.0015970426459156473,-136.66230334335646,-35.967672892749185,1
0.5855168768802124,0.7359843111105973,1.7478408450278315,1.9520778575970759,0.8860120051002494,0.030450224434712903,1.7113558079978315,0.5019796184641703,0.331896561338642,0.6807451433882541,0.9756004321316072,1.7717610669607906,0.37661227980708833,1.8819691858942036,0.7821425333308223,1.5269922457477767,1.8721893739300524,0.7242709097524596,1.9844014017273297,0.05648036509982668,1.79947717758511,1.5316490155434581,0.9215705382901773,0.6531198570639793,1.5103379379038004,0.27521822999062917,0.3731055752357042,1.0671890971128528,1.6570269692190935,1.1201460418143125,0.26189894471535935,0.589648351672803,0.5291036779047771,0.9461036968176768,0.6631521224736883,2.9899067935843044,0.32724504729322423,-91.55265739776516,-35.87448416251876,1
0.8385531861740667,1.9747526841632363,1.4888175586552954,0.5893683278705282,1.2590191184262844,0.4959512355507085,1.6591789870112064,0.3080280555336885,0.5890842239957019,0.5476258101080449,0.001067346191298224,0.03396132333308066,0.21741428254376283,0.28514064565263575,0.366816391365548,1.97833699771113,0.040816285301542576,1.6627921782657544,0.4673305180114051,0.022186441778923705,0.6144517674210626,0.5656898465801405,0.18294154529265816,0.5174894920104569,1.6566361561313485,0.6936571664032061,1.284677990901457,1.0929972570973983,1.8192153627702417,0.9748110973596389,0.20132990849311194,0.24413543326453468,0.0747990312242568,0.3729185113112843,0.15345177267423782,1.0466346569674254,0.31402414805943213,-120.58217220479828,-34.6139961506299,0
1.241279073812035,1.458861269459415,1.6023046580474398,1.272903277991521,0.4363802214106327,0.8271988820566887,0.18687592770697226,0.20771964102493645,0.7843213161608271,0.8217090295019622,0.8636356409714883,0.6124275116063203,1.0636653921918855,0.19163949880597242,1.494389361710264,1.2591983146590295,0.11372682234801257,0.757885671508572,1.1114587154600806,1.483291261452468,1.174687408236256,1.7904730580399328,0.6947239820565574,0.3668705202582776,0.6953665010816212,1.217132719824236,1.8724873646089417,1.7320784154865385,1.1220848679466138,1.7888669414269305,0.2031904595745705,0.07317358811578267,0.8413370331106562,0.886529898740127,0.25644608955712267,2.260677069098259,-0.34921108363052783,-119.33210169449022,-36.41815506598499,0
0.30705826592573837,1.6667990492514453,0.49488620731874056,1.5153551962525191,0.2797164639884029,0.9690131880486628,0.8560988176475801,1.2370357028564825,0.664627057193192,0.4929935750837853,1.122836602920612,0.4177323898936922,1.1594735152990396,1.0289135094860613,0.7440432270782043,1.3887859060760073,0.13417893641738288,1.377300007577493,1.8281166321720048,0.17748517965382504,0.4898873325417228,0.26048166207383283,0.2809886227858607,0.9404775417003435,1.3175421764123936,1.7012965701580431,0.857839818935829,0.9855796977115328,1.876149567224451,1.2457054407768238,0.825533333105595,0.8157674178097735,0.08875214102863993,0.8537597947560226,0.05464538110537964,2.63845806780541,0.7803368372986208,-120.83264743377761,-16.571195662894723,1
1.2567107516700877,1.7747124049618055,0.7921930815059723,0.622024406132841,1.1681072542943098,1.2874480477797139,0.05485452462702134,1.8412146153758473,0.6547938168865659,1.387339773769545,0.3156804818739509,0.7666569143147766,0.534473936333884,0.2706247643490356,1.9252032926343616,0.9728421738046433,0.20195879918471293,1.3401962478138443,1.7886339484644496,0.32352532770352727,0.45866860265079623,0.32078698922605975,0.996851828663968,0.6130426165683673,0.37914880942809703,0.5822210800532299,0.27892880516990126,1.5931005944373506,0.11578237752095566,0.1571138184156904,0.8367244229962384,0.726086552300253,0.20731768883922708,0.5749685342156985,0.23423417184208994,2.579331370193507,0.05257760704835901,-145.8918104657914,-22.72921695272794,1
1.616113070769794,1.5226753414829235,0.4268442034350479,0.15056939805645664,1.7776971351137143,0.5622310226964398,1.1779340978223436,1.4977001094565559,0.028583523612236927,0.18690338599981704,1.8927102932961481,1.0366120166101562,1.965279891281313,0.6932023124293964,0.6055014411340343,0.6860627763643892,1.069359231107292,1.920507361305695,1.4533121223114718,1.60425470995446,1.3686339086845618,1.915716960456249,0.5143704653419456,1.6538647985757595,1.0909639940547604,0.9730822180322485,1.04818207258978,0.05788832856068793,0.40605899452919614,0.015403483353894298,0.418318890439917,0.20302352844367189,0.9904194219670273,0.370750664169755,0.049217890590142144,2.0317303956105133,0.9967718770876066,-121.98192511737895,-23.978091270060435,0
0.9435756884475421,1.0584918109171626,0.4054682911913092,1.6475068383278448,0.3625931197069352,1.3823680863111205,0.24695932334271897,1.8231054487184997,1.3397816536597418,1.0082708992944116,0.7145144879331058,0.04224253096341535,1.265070962309066,1.7976386622414977,0.07794118488239454,1.8247199848465303,1.1834832654803404,1.0156505057113765,1.0100869637491772,1.7354260166784572,0.4503954406827684,0.589585955499194,0.37813399414274307,1.3652333162460042,0.9305550990736053,1.039218832701467,0.37460419706590664,0.13166141438142343,0.7131033735204468,1.5594049350959844,0.8177115979249695,0.23054606308945536,0.4284292449425695,0.688170299761834,0.10022454136412828,2.2650817470829567,-0.4181622201210974,-76.0526616606854,-34.380873894802264,0
1.371849611596122,1.9564420102321536,0.8385050799811067,0.8552376263793182,1.927283730933441,1.2033763595007219,1.0809068075325492,1.9407932932510252,1.4714468161975718,1.9223354737218947,0.30856127644649733,0.22330655720195702,0.0507338733513667,0.6703209247021753,0.1501884157096578,1.5920176707223335,1.9674181607861514,1.2079180628986357,0.05148444143288766,1.1602759268736136,0.23249134772212598,1.399951322975807,0.3673589930680934,0.8111882604201444,1.4031628140565453,0.8615546099562714,1.3618956336853778,1.850692010679577,1.0124843436691153,0.4620539434003834,0.44724665849889556,0.45379414300572607,0.06982779743961709,0.12675234150178538,0.2121929284672982,1.3098138689133223,0.4669765542933949,-115.26703769464646,-27.937542077943807,0
0.09942976914540202,1.3697711337362375,0.6216495576634598,1.372529109799675,0.830637259899111,1.2852872231501402,1.0251713827034241,0.2277847097313721,1.7026942187985352,0.6546436598752703,1.467658815999118,1.4314057060279592,1.129515664317106,1.5208084006172677,0.880176923457729,0.4036551098738679,0.9201398614722947,1.45070183068018,0.03467668325627349,0.2880485578321059,0.3666039258759408,0.39024061666383925,1.1114116948123387,1.6873262198555845,1.3121576565822255,1.4673007017387574,0.2900091558579545,0.31611559030745906,0.9480847892678375,1.7173750092509144,0.9536203226328759,0.14978072781906393,0.32404155113672695,0.4970677375814613,0.9787923777619284,2.9033027169320564,0.6490637409398632,-90.04731567974218,-26.467718293517272,1
1.7842361380965444,1.2455526949098101,0.9995717236832928,1.5899596183661517,0.5766858634665801,0.9178158445243285,1.5066399914444102,1.9685714899079296,0.3232361679118063,1.7343868300683214,0.46724428287764286,1.6581920155559946,1.9432193142102052,1.1397111233185162,1.190006436385767,1.052914616973367,0.24730368545537562,0.7405427743850292,1.5677621105986665,0.8931955608359528,0.7368957522860924,1.0139738350505876,0.38351290244238423,0.8548339752435261,0.7277827937113623,0.34574744527808776,0.09451702192302536,1.3214186503164396,0.7042510359660539,0.3014522326597513,0.002582317280209079,0.900564571472397,0.22165769454090645,0.9089537124254033,0.9812548565543376,3.0150131522732533,-0.05184441172008841,-106.29568731706773,-27.582418604512565,1
1.5981551195677648,1.6732039704540291,1.578352628281869,1.936823964406028,0.619802639103042,0.20275572157098343,1.6712531936702997,0.08060658531793785,1.052335574761501,1.6061188095791243,1.116285458739935,1.63459873136039,1.5752821427946706,0.12870395434921056,0.3154069446723884,1.9326696103240812,0.1768306630578591,1.518188545376393,1.2334712724435866,0.5556692724129741,1.901237493232774,0.4788058392243906,1.4369654850506726,1.659130062394011,1.7722275434144041,0.863987133131396,0.12136185510620523,1.4068421732569167,0.6699348010658523,1.9443099517370956,0.5427221201724354,0.847880436244293,0.6376443094610282,0.5900583095718639,0.5649117903740442,3.1832169658236644,-0.09634135146564798,-128.25880010624,-13.796310914287425,1
1.9819139403709949,1.424606881407685,0.8822525831595402,0.3637934856160274,1.1574620671792106,1.4311221970739834,1.8900869573379926,1.4488204564281426,1.2461569118544638,1.4076328075378945,1.0286189076075698,1.174213197041638,1.2412051684467502,0.5519852148625206,1.9442754414793622,0.5478435020143431,1.590757034596573,0.9849820591690244,1.9498960858440806,0.9644510774122927,0.643996186414999,0.4756133284646231,1.025435931689889,0.08234199102016482,0.6346365932468685,1.1666497448457733,1.0944613523941809,1.9246560967276538,0.6066475940782858,0.7039963245176173,0.795755402390525,0.37529053087928854,0.32905967358338306,0.008914133693337045,0.5077917102778405,2.0168114508243744,-0.08173175759182422,-57.66215338357091,-5.48023930271872,0
0.9434218688887628,0.5449170338811751,1.2641697532026277,1.022961648917694,1.7213223211092585,0.350878681873082,1.1102929304553324,0.6623034439507225,1.9476163201298562,0.06389168155806457,1.123002438919013,1.1571382568895552,0.13713432319921726,0.3597059229477375,0.20704052301514642,0.6100845072118255,1.810045761986353,0.4081518951263381,0.1434231742923422,0.4923326791672653,0.07840031292732741,1.3452762911907856,0.0343680833218627,1.645526997873173,1.7603768454681097,1.5038425996387634,1.5738873469556758,0.6670145687750069,1.4624510674179745,1.655540243424326,0.5598275487010543,0.6565469664700833,0.32346738617422355,0.4655069586569337,0.1937331879977936,2.1990820480000886,-0.36433244919907287,-62.734150672583425,-16.262348216405087,0
1.2113259485256525,0.7219151611962047,0.14258462124415305,1.9543440735109547,1.7684595069004205,0.2477302019328731,0.6487229281463605,1.2307109418785993,0.5694180101702526,1.3511181452094194,1.186623588869668,0.4707021801993527,1.1156256296246678,0.9490087610870865,0.1976045585836148,0.7550261721074532,1.36663185637868,0.9115017679192678,1.7102749854793755,1.934027342563029,0.7233918835818225,1.4990714153479257,1.4159893801477328,1.3993377275354781,1.6396613606274342,0.04584431343377893,0.7855966937651668,0.2780431175455742,1.449368953717703,1.4996508332638947,0.9423378287830078,0.8332012419451037,0.7270708123374103,0.9047663839663821,0.3941955361760777,3.8015718032079815,-0.4341468190140118,-128.10439120170253,-6.8337114555226455,1
0.7170876415694902,0.6815810248868228,1.7816237713323435,0.5949353562072555,0.5161053159993141,0.15484860402692635,0.5661235684152934,1.4053537717008366,0.6468930581316836,1.5622891947152207,0.8323031504930347,0.9482545258191095,0.8180517756548698,1.0567040513607513,1.2800219770114674,0.21812950640662265,0.7703225600189174,1.0167935104366073,0.8387387812161693,0.07947769841046792,0.6302853976414755,1.160562760795148,1.3952234543371282,1.3201872627912807,1.1019358985729784,1.4927317178009023,0.4948087309080007,0.891524966644994,1.4201242535279874,0.24412625712406455,0.5088760086153995,0.9237144984481945,0.8848482821728694,0.0925377121111397,0.5724911748018155,2.9824676761494184,0.18050093603663497,-60.54464921001197,-38.08743534537485,1
1.6502966306887148,1.3556172400595856,0.15998638106955276,1.7804410097863854,0.3207990405205656,0.32575515625905216,0.48246222468572597,0.633964365212778,0.5518868728162496,1.4315855383444365,0.9590666832016084,0.9053659016983777,1.0316897198542867,1.4591084785271673,1.7925657524037963,1.29641084046483,0.32061207857071716,0.8054897971339956,0.9697326738266212,1.7760437673840581,1.490174864523538,0.8344697984689347,0.39499513829286204,1.2567058764663532,1.4520682030422416,1.012492419885148,0.8561343425184367,0.9942848830231028,1.1692592166288112,0.8085528207879,0.2847375312145811,0.5765941937986965,0.853994790538969,0.6813007824245327,0.3813375085217975,2.7779648064985767,0.06898294018545126,-116.42549298278826,-35.53109754033402,1
1.0963060167416603,0.381892147733381,0.8610154578141003,0.18002449119529285,1.9891708188908312,1.7800959731423238,1.584827396498259,0.6852966507827416,0.9490201837214036,0.7550373309529956,0.14533866126632078,0.1396039408919001,1.8459965142718497,0.39080385487835523,0.07229242567154004,1.1338155044349567,0.5601371618968507,1.7198849471306696,1.1677235087341131,0.02782703939005371,0.12776097497092365,1.565302947772716,0.7743253391429514,0.5032198175862375,1.323149014497964,1.2144664287116729,1.9057057485643134,0.44147768977701385,0.2593864028309487,1.8677925572163396,0.48399039319442927,0.16344830673478883,0.6427561023215879,0.9610354917522673,0.42720733908703235,2.6784376330901054,0.7174669429880622,-128.56125765974832,-26.610031004883357,1
0.44749389464137335,0.67607253720562,0.3692649972848969,1.0880900204327255,1.7163229253676302,1.5788499673295855,0.03465716896377269,0.058261133860118886,1.1208654890171887,1.9442390421131446,0.36942379386525914,1.8557004413803968,1.1655261994063548,0.9990713121692787,1.578094568110708,0.4885321416055364,1.9415556813081092,0.4602807848352364,0.6426988971934471,0.5684840587160049,1.354158245846969,1.482910571651059,1.457942771126014,1.6366627925581114,1.8893798876736678,0.2910919978690698,0.6993909934858475,1.8576010829863523,0.43895084489436176,0.49716005308019007,0.4169197599636616,0.5208089793625175,0.4955402264793304,0.44056851236438654,0.0031657549914306804,1.8770032331613264,-0.3246555282951568,-53.23063924076504,-29.143041799719445,0
0.01233876204827511,0.45429592715202083,1.2996092767743945,0.3333945115400214,1.5555098897354231,1.7772065135932356,0.3246288317418131,1.2302524823324483,1.8533263192351948,1.0150152326223993,0.7481954082368472,0.4897151527955834,0.012439634569273439,1.406657364278564,0.7328914750233351,0.19111507531373428,0.2845755717498306,0.8654847616383419,1.8296168006951885,0.1826943868518991,0.6334616208114721,1.3069519583216698,0.8229058264131848,0.33870185544754783,0.30885778013191945,1.2740053745834499,0.6040782424831006,0.3030993677892606,0.19224545302653584,0.5473755872480992,0.4602519505938588,0.30558716916409256,0.9259965051843716,0.8378261657585492,0.24241070094859063,2.772072491649463,0.49495205744936377,-91.26278877169916,-22.800409352823024,1
0.8920239963481928,0.9713288148860735,0.30029298518323366,1.2866085153972668,1.9026218838555227,0.526787594103377,0.5587445125556061,1.8414159889180688,1.1023348677056917,0.607943049355536,1.4580661732571645,0.24937311848481403,1.0157750731681265,0.0393912291837657,0.2731901837272228,0.3179107085860986,0.572964984664478,1.280756539666047,0.3691188751633654,1.3506481786781233,0.9792737993314762,0.15154771759077823,0.011605078965407412,1.8376001620844433,0.9238940288894055,1.4356337822297285,1.98507256398876,0.19840235842592557,1.9956854114987603,0.749500161063327,0.10127466643469551,0.03962401190824283,0.9984569180323868,0.6628260517493074,0.03849054391851969,1.8406721920431524,0.8404137372346625,-70.28656763405583,-40.4740799383501,0
0.4608197201751454,1.1541286509483135,1.309147673765547,1.0184767230944727,0.1554139850815992,0.08816601416200398,1.907546542013588,1.1368726133956322,0.9304556222630762,1.451396091541557,1.333444769770886,1.1683123978479173,1.6552944643373595,1.0073081956991896,0.3147801318621142,0.7001509299886461,1.8310612782953353,1.1287797208660113,1.045552057086869,1.0275033238674673,1.0171065935704862,0.009362243805876913,0.44659842100522473,1.4482711661748005,1.9525605444577743,1.0145755151218738,0.6868520062493244,0.6859781816341879,1.5864110016948096,0.39736294148661155,0.08537511450140034,0.9935154284973104,0.22594785374539994,0.4777311366707043,0.615351531198911,2.397921064613726,0.940423172132252,-76.11576314317394,-19.360683775892173,0
0.4038736938478078,1.083835875873795,0.6416345771987477,1.4134645017432652,1.7511300116163533,0.20647266314484103,0.1882069627357268,1.5518689330075417,0.8088732550325268,0.8269353645351047,0.39110107431567664,0.9788636169265916,1.2830455793535716,0.3563636101696417,1.1130361466767442,1.5292668317955866,1.638600306056751,0.9989328692016048,1.8785433032325745,0.8693628748568456,0.9591280064861376,0.4248614110222051,0.011153187170120926,1.6508245368375463,1.16487422766377,0.547822215134034,0.06971167397300992,0.9600359356218284,0.8187273971373643,1.7148718314405165,0.5869105359197673,0.5191622523833257,0.8366579162535815,0.7531156865369686,0.9303179445050276,3.626164335598671,-0.42538126001471516,-105.43071373089103,-27.407031545873767,1
1.2627036004183123,0.6665021060204264,1.185138573050364,0.20677570442653304,1.7012662551008029,0.5622186262341056,0.7347926329628753,1.221954136279718,1.524099314526519,1.5443304632726378,1.1669341230178658,0.4061666077092647,1.163583986322258,0.2352353974889938,1.6373436670495911,1.9249775603438177,0.0687238660919991,1.263706260029499,0.273679105545521,1.64786006353626,0.19337279413374264,0.5623497640728194,1.9234712454566756,1.502666053171504,1.8290686682997206,1.75140192785309,0.761331242307622,1.0344473872042972,1.102832572036859,1.568659551297183,0.08722945338758348,0.13625738298317314,0.5385437685443909,0.4290583605959294,0.9484922512415886,2.1395812167526658,0.871370281680492,-86.66423397705647,-35.45279049778877,0
0.10768888772123875,1.1321937358767027,1.089241632468206,0.33248516055258914,1.647662545391396,0.8869948487104298,1.0349904661108587,0.4686749631172893,1.3282089778859312,0.9393367743929368,0.6089198670946616,1.8325957097858785,1.9525027575833689,0.7203476068071841,1.3417501802079241,1.7582807636429862,0.5021980337605736,0.3756168817762511,0.7805193770464252,1.9711549486589806,1.9548282543670497,1.656587719725784,0.3455943462008819,1.1828271942800292,1.851600082585221,0.9131196277969105,0.9483321440174395,0.3091604158605863,0.06573984186777282,0.474289267988514,0.7202567394396977,0.9303415993667885,0.77551569845093,0.09693449174499391,0.9199511477821911,3.442999676784601,0.687439086655542,-55.856409762547585,-47.10638500202545,1
0.2568440741250404,1.898780552747931,1.9419708729842635,1.8117089751208104,1.6729671261670775,0.7130851917817349,0.2483043222107184,1.7043127619279228,1.441860519404737,1.4378781993353775,0.5196839547180925,1.8919278469697387,0.9649384356328494,1.574135256869664,0.035573003494968836,0.16722617447153865,1.3947258920714578,1.3159614453333124,0.3084885897500853,1.1508544657181985,1.7289928962259533,0.4586955697468562,0.6710218518749314,0.25709124395780614,0.8934602045566788,0.8843504980514239,1.043602469666574,0.463486131389095,1.0273112196714482,0.4823893974028002,0.04609081301267748,0.7938544151968088,0.9523678711054993,0.7033931160883123,0.6034160585607452,3.0991222739640434,-0.33848312521840657,-89.17308119634725,-12.628932417087302,1
0.41707619069953683,1.727184096743417,0.09996299794925334,0.20049745284301013,0.002505872868817427,1.5328585335853806,1.8067607864129682,0.5447135940390004,1.880407777452226,1.3962215479309623,0.31086962102266646,0.6541064002093431,0.02773621838595486,0.2883670371435769,0.439389573750552,0.043857023826517905,0.7520872496306794,1.3204761238490856,0.4165349335366446,0.7206643690549,1.1715222499877311,1.7397417640279838,0.87430638758046,1.4903767153057719,0.8987707459431666,0.2425801088141013,0.307557828199718,1.4424309919963234,0.5398978559757674,1.0635564024415873,0.4723811020649866,0.7578380558696792,0.6823567015951792,0.7116607950696929,0.8295036279745196,3.4537402825740573,0.6543498896426674,-57.38098293002951,-33.30301124489015,1
0.23824610584753558,0.5262358403901113,0.17882890817191144,1.2331693947048477,0.5808826340889748,0.9706628872277931,1.836370774015652,0.9504980319833058,1.641062771033352,0.07688408238043398,0.9214136399204067,1.954576427065217,0.6902194352823261,1.9077674051480247,1.2602399069243897,0.8174546171671417,0.1812668407257625,0.17065510852071464,1.0370501172021211,0.9741158570565016,1.8467647144620007,0.6755225666174642,0.8588508177110001,1.9078566848464136,1.5457554996466056,1.4892577572313135,1.5770474118219324,1.5584843144313458,0.6767523742929411,0.48788285266478026,0.8517069598390198,0.5031257216175917,0.8757650865502165,0.617712306996633,0.8812754610754793,3.7295855360789405,0.7586082954818383,-63.223685614100646,-43.90625429481763,1
1.529461741776326,1.5231063324214327,1.0929550546562214,0.33271851958670084,1.2748569671813321,0.28255091815167077,1.310538338917154,0.7156924972065011,0.7522403840779084,1.0409868464101777,0.7012222631030451,1.297623366855126,0.5634174440582584,1.2883319096693602,0.949512691268781,0.5431771561275007,1.8082518271501533,0.5933711300355695,1.8513667543212133,1.5623778250674207,0.09394188509940915,0.18614196709166553,0.167945490634134,1.5488053709085112,1.6900779365374807,1.6452197834199864,0.2547943841482645,1.76542087747657,0.008768553794472389,0.9665121888100616,0.25605055788340236,0.2451116180885916,0.5455026774568271,0.37652046432058306,0.33091197695616126,1.7540972947055655,-0.313782123127357,-61.23067077079723,-5.345083474352608,0
1.4507623583295102,0.5958793796350919,1.244711418940376,0.27706592706415156,0.8727574640557698,0.1601193935110241,0.7375837366976448,0.989453116070176,1.5029235245677484,0.9785757569675297,0.643289026112547,1.8807902768956806,0.6292470556780787,1.580204234296497,0.11670216735534722,1.4122113881847163,0.6545619357654846,0.44660022827964907,1.543266399883229,1.8295064155302578,0.5711037952067262,1.5782565585490314,0.7557569566605473,0.45636050901299563,1.3570570802919866,1.9265087554670521,1.3110280029059627,1.0726280590424966,0.14578407364405765,1.3713304696823962,0.5541108955371497,0.287736496894862,0.6568293017371939,0.9511199203965652,0.4309321048600623,2.880728719425833,-0.1690180411747313,-113.89651045766371,-46.85219022090982,1
0.7135459007093494,1.0955906899763652,0.5112668117347385,0.8592499251250609,1.860026020294814,0.2764849106556937,1.3771625398954526,1.3538869488641583,0.8884392370184802,0.1931052495571488,0.7733875767680138,0.2176935521327359,1.4706616258246192,0.39350409567777844,0.02853886750925505,0.6505096665609558,1.7643554345765247,0.4793350215664751,0.7862796153386553,0.15514631146360736,1.8897445733492995,1.920931039011486,1.804878245656126,1.073459475159143,1.3853526317841052,1.7248230767433987,1.6208587549475184,1.2416746692655054,1.3941170734280697,0.21908916663084077,0.003658323670759467,0.43126621178255187,0.9302040744427018,0.46825978240929655,0.20752245678988224,2.040910849095192,-0.17394033304392814,-133.47843925553428,-36.842868944114976,0
1.1473664483567103,0.615942764965878,1.4115628496376051,0.44383640397087065,1.17016444740713,0.8345734815785306,0.36282322597676986,0.3202218327343911,1.8430742013503048,0.7081847339686005,1.4923029107443984,0.5303867083566816,1.0913635595608475,0.3503848765149826,0.7566269215751422,1.6181130845508227,1.7775030298777676,0.7144719702623481,0.876003609006927,1.2926881337093012,1.0722191732690434,1.8689302377147552,0.4069025611868389,1.3214954160907475,1.7455831196247698,1.0053537584398875,0.1376284734430857,1.7196525136017957,0.6416917555393853,1.1837486383240252,0.6294094554630214,0.8437584062334877,0.6129014136046816,0.3801329267014689,0.8946183622095594,3.3608205642122195,-0.0062699619381741956,-139.79999874303275,-12.340147531501161,1
1.1860489510458447,1.9542521451607913,1.316182805647932,0.8161514749031169,1.6910094376462472,0.12233612822478279,1.270481153946029,0.17354240195692405,1.2183156913876014,0.8349855415165355,1.0554432188956229,1.0868182864046583,1.030272435368865,0.11805193700698013,1.7393812490640073,1.3249720448672546,1.1337958940458512,1.2415596186856814,1.3970037023873467,0.9634911370285779,0.688140368450245,0.356079134601615,0.8168402589193684,1.5179229741486258,0.9086763408804437,0.5596133954401412,0.9228721614959403,0.4788065866475075,0.4509935795005957,0.033465716194488015,0.43314275558741966,0.8699619405061151,0.7921406844463311,0.04048771581984423,0.4087902484838768,2.5445233448435864,0.8110652137443184,-56.9495987064375,-18.564813132889846,1
1.8965583120077205,0.339273186725799,1.6109674144118755,1.8126782745407797,0.2721427314457414,0.7567987258640962,1.8830170030825994,0.26795474195788493,0.10232456486628383,1.4370204865999263,1.5906804764963505,1.8882734873428908,1.665091358887707,1.1873993194646817,1.621982705485328,0.07928160549500496,1.6498437988912293,1.2812560192770686,0.403856454377266,0.797970200379787,1.5991713236256044,0.7606194881844863,0.4031489241063557,0.08269364096325438,0.8254098757651593,1.200857675645683,1.5095846909724537,0.579656091533596,1.5782616142014247,0.43420829211090606,0.05458115076795922,0.6207008891750774,0.6872327452766355,0.4879547934493532,0.7715726789325065,2.6220422576015316,0.9819098961668815,-112.65662677361468,-3.804866350573172,1
1.598115862889905,0.2116309996750756,0.3463182717071427,1.839196708237065,1.1383682133853807,1.3830903139668134,1.6490569118110041,0.4178856619864426,0.6892260903073879,1.049812052185561,1.7678330274015286,0.38157074551870207,1.8501629159252573,0.7169199351963227,1.9251000869697632,1.5732151368671985,0.4047230093008465,0.7760975192369324,0.9746820477414133,1.7041085704665995,1.633671615259353,0.1433334734659486,1.6747079204182436,1.3132038038215539,1.1464963693202135,0.8869345116365497,0.9349750358725637,0.9591041219099117,0.07238186300473881,1.7164192437645083,0.9549732161310035,0.9659608283029487,0.20892681687429004,0.49231117881904496,0.7848637269534564,3.4070357670807434,0.4470928359449535,-91.76215006785392,-18.17286102738027,1
0.7956805403723171,0.40026958830119885,0.12643509036171663,1.3690964903146186,1.4390047454985493,0.09760385814681571,0.21852369892533852,1.6807195729849078,0.04667849143700131,1.0787000425236635,1.0119594816086535,1.292314918908446,1.0604712093719781,0.6712725326203779,1.4451708858505583,0.3782416655160432,0.541388230211346,0.7289310516922389,0.5845348619650155,1.7389336999327647,1.3574135798415772,1.7038283351690098,0.08819239089241182,1.3554904369979928,1.9434301715636773,0.5295036998297522,1.2095594895936137,1.4929912865565225,1.048022244702935,1.4403747519265035,0.41427386378056386,0.8770424320761651,0.05121557959971079,0.7930191456871198,0.608682112721601,2.7442331338651607,-0.3439481760534624,-79.24297655388568,-25.951672658751974,1
0.45356175324465275,0.22136934468158542,0.5573426131746264,1.714427786311022,0.44936152685892905,0.7008127808793374,1.095190493348628,0.9791555154729892,1.2766627159617867,1.016071742591933,1.7457775571911491,1.434403766216592,0.96676248978284,0.43706722308897294,0.9639665457242093,1.0297118672124674,1.2944750179265647,1.7464259840936107,1.8769547984037402,1.7967820079926553,0.9734198544167885,1.0618052152890658,1.3600452294300724,0.9136227830441326,1.9776020319961947,0.6323243783003334,1.1510963855896534,1.22284998074821,1.9884114107505104,0.21140287537993574,0.04910586814482665,0.42988761840004286,0.9085702930264848,0.13766733244248486,0.7939907536997033,2.3192218657135424,0.6575207113705748,-133.6221342777077,-44.40669368311182,0
1.6135595989024218,1.3776427771028765,1.6113041997851885,1.0172352400344167,0.20214429848802862,0.032747471414375395,0.7380364926071683,0.8081557316033823,0.817648197163473,0.6653020272625016,1.3778809770436722,0.029535142915415813,0.13959648929606105,1.8453682448477267,0.4850137484256014,1.5163947443115398,0.6024632446714322,0.7052823728220763,1.9670968067696648,1.2553267989812076,1.3276694347838605,0.8010454645351825,1.0922027291845802,0.5660691349274825,0.2869890322038071,0.09937577649315155,0.3357584437609904,1.2271710818201136,0.10305677377409705,0.22006869062544254,0.2896501664239681,0.09340478308989641,0.6626318000677003,0.24640088777869407,0.6245006890727759,1.9165883264330348,-0.44320666158299965,-55.41995698782388,-16.125124921249,0
0.4401827910606022,0.41264917781912946,0.9400482602988862,0.6948367363847081,1.204204235347604,1.9052685559514624,0.4667147926767785,0.18807760415253494,1.4132424507091683,1.7429927538795134,1.5340326154837411,0.0980747935584576,1.479772760356568,1.7082687209246534,0.07450127959479014,1.5165068119302159,1.5184061550197634,0.6897567950517371,1.7295227347903388,1.384478294389793,1.0061655919654557,0.9286643944751203,1.9112990425495504,0.8128833885847171,0.3785291090977523,1.9572128509313307,0.33161391146703556,1.4023036668997544,1.4672755951707124,1.427517946600722,0.19541458892006436,0.12733440621867842,0.3017768565206924,0.789430263342384,0.8160953424564684,2.2300514574582877,0.6649964520690002,-108.21349716644548,-18.20131737344162,0
0.2770338041652718,0.2756337965086899,1.5056473212894912,0.006699734978695027,1.4664441437357405,1.982563072625317,0.0365352952432465,1.8417246961474523,0.7480798326915454,0.6108496823991749,0.1610652696231587,0.1895001083218022,0.8584921930939355,0.31414289273249074,1.2965369660342578,0.8914713952191313,0.8728777760332278,1.2178729517239721,1.186772969060283,0.4648068081175185,1.4886666783721172,1.0544801328274995,1.2903948124600855,0.24146255954309037,1.6108664320519217,0.42445000754435447,1.3864522475684211,1.0258856964392984,1.9293449146058872,1.123709314872075,0.22196591503554763,0.9728062439572944,0.17909761814549807,0.6501845882357075,0.4694218961383826,2.49347626151243,0.4872238396983066,-86.59560863947101,-10.411169026908118,0
1.9999864207003681,1.1462249282937464,1.5305153012047379,0.40564552400810383,1.5371397939286995,0.38141186236921176,1.4187720519148725,0.33872615659842786,0.1086314274526683,0.638989571245608,1.2660688487953962,0.6557619246371544,1.9881864913221927,0.14792950752082978,0.6325611385565757,0.12177576187338901,0.2356209500540234,0.626583942187215,0.01391252222043371,1.3304753933471904,1.50812992622227,0.425294864392594,0.34992407351797783,1.9669975295393458,0.8330322775765204,0.832878734331763,0.8640281935464076,0.28356106922706936,1.7202805480623613,0.7524394338555964,0.046628194245062926,0.41313457929390907,0.3637141329493915,0.1698417105047041,0.40982232640171157,1.4031409433947792,0.6964626045935742,-56.20552989327646,-45.4015689927355,0
1.0833616236119328,1.6257133698791502,1.1036552168937759,1.6413792224135826,0.26809384563743976,0.9233029532350054,1.4700667398748026,0.708717161754097,0.7555102384308934,0.5227928099464736,1.7942264685344125,1.7358904930841048,0.16996985424105326,0.38196544116211917,1.1382842710471106,0.8876556476234596,1.3772703182473878,0.6015750179588637,1.1876580217238413,0.9625930143275652,0.6837812101257448,0.15885621226518065,1.5152526920314073,0.7845402571061568,1.7454605027652,1.2533911910411997,1.8786679908161108,0.006467669223778172,1.951054329932694,1.769051829174586,0.2516901151023193,0.061651754888110255,0.7371915818781727,0.1773529067489411,0.3221595488379171,1.5500459074554604,-0.23943351451584477,-116.59970073753951,-1.588495118235822,0
1.8711217016526827,1.8070939642131163,0.9746372935041161,0.8391373755915827,0.5899754721434711,1.5922569714366313,1.5601947570035903,0.797186677924933,1.0641674694000545,0.06035649032410051,1.047011871239003,1.8009249934410017,0.5488280873369922,1.4937119228472677,0.2589072561952066,1.319280081549447,1.957226767966789,0.11988228245986798,0.07861075229084458,1.4575942804466455,1.968409055071737,0.8422216508710247,1.6124702012910057,1.9085397471590255,0.6781409043721234,1.203837909846811,1.9719535126691576,1.5634895608736485,1.7540133501153887,1.3092021474417483,0.23897688764292446,0.4221109532662298,0.9948777505347057,0.9765042238828512,0.7380435923185428,3.3705134076452543,0.898395044204044,-118.51060034414392,-28.760368378028133,1
0.38006113726848056,1.2537419292944962,1.22972724427393,1.445449246316393,0.8871971275087758,1.3994178390324028,1.1008275132858187,1.8108570229163454,0.8318705039185397,1.4890688196082944,0.5396608901670146,0.030245023391538117,1.9927155988802465,1.542199405346511,1.500436873042481,1.5537675667917719,1.446712756576507,1.9371256613200283,1.0089821051564496,0.37277855886092426,1.79374426300924,1.3375715130817034,1.699385939014949,1.7338152074926683,0.11687011494324162,1.592199675168369,0.40788194488932583,1.8599580502228403,0.5808061297701519,1.0700178118280612,0.9864163982819623,0.739265870958895,0.5133781789474821,0.16741490894051703,0.11574833356174663,2.522223690690603,-0.2084337039784961,-75.7036633836467,-28.659757423443498,1
0.9248309685721285,0.13389088361787427,0.09182039800781361,0.1184238675594187,0.09405504640658813,1.9164065270631903,0.5930045538318156,1.8134510591878001,0.2894573135727836,1.217757888057322,0.2406683556834066,0.4868342462022146,0.2635328372452228,1.289526719527675,1.8491905196094354,0.3567765124255604,1.9398520799985317,0.5594581302159733,0.4657012717421203,0.512551406990229,1.677184342948833,0.31048514258575355,0.3156346644117214,1.3069251056959523,1.2433144304570547,0.48425218959463145,0.8228426857655675,0.8756574290900221,1.8060890959480336,1.9089955608465798,0.25630699159504433,0.9348702812852561,0.8843908885914203,0.4107872963107424,0.7069328651559428,3.1932883229384057,-0.33963974503850386,-60.13687427026795,-9.137410943259155,1
0.6939293140837193,1.9225623678831048,0.6915479673889087,1.743369333256667,1.7699853838008555,0.4910340096199248,0.8016803621913091,1.5732756399044514,1.6509284658340633,1.3418484850389703,0.1740248896024721,1.8168424861873245,1.7784147758817923,0.6842760432424044,1.7230798856185447,0.9090741237239375,0.6530850225733773,1.1449291150914764,0.3635371184376126,1.5060822963721785,1.9875057960535012,1.916473187285075,1.3250071571072017,1.2398520354360394,1.9653853689175542,0.145435397621952,0.18920587219165141,1.0074234334279417,1.7571993825740313,0.6199738308830325,0.6261957120036521,0.34091492728270256,0.04780739156940805,0.04020298006092349,0.1022927930570049,1.1574138039736908,0.25649705373066645,-54.968499417661974,-39.9531838211189,0
1.8987640722418166,0.3546011276409058,0.7325843863279455,1.9652518307951399,1.660732109292082,0.5475353666072407,0.7492457494538078,0.509673023631027,0.30905719685451283,1.321369787901927,1.4742451052844547,0.3265121232926511,1.6221190548436237,0.4853095036761761,1.1213729383617013,0.4795320041123692,0.1822736648248806,0.35710022080691695,1.0479796878627525,0.33345267251052535,1.9033289521682755,1.6616082265732344,1.246796341684842,1.0002491112490814,1.4191617707550848,0.8865266470012592,0.8918880898334338,0.06866215942522813,0.17268334674585772,0.696510318788512,0.23410496091560173,0.5203005834903092,0.08879881159714498,0.1814112121696686,0.9655704356420743,1.9901860038147987,-0.22277712928189886,-54.748240770877054,-10.209037299611134,0
0.6756380458077571,1.5806308737095676,1.7635182113073062,1.0810643325674791,0.6198373889312463,1.914083597149399,0.7020483140417864,1.1806045088039092,0.816752073881875,0.488712408668307,1.5761876663504648,1.6963487540511106,1.733824686264115,0.698577768366551,0.9938301953820443,1.9491740385196443,0.22404337811713249,0.7572896490017202,0.04392362157899132,1.479092272483501,1.0081343738086959,1.8761440642384752,1.754774548331752,1.8552410923502585,0.012911773973303564,1.686599900032664,0.3672898643781286,0.7115825313208735,0.1468873118628622,1.6307675353402709,0.6110421264495586,0.8866284299568823,0.4868378388303993,0.30102894561651616,0.8111578837701667,3.096695224623523,0.3476247540508759,-113.49243197062053,-46.626652209347654,1
0.6831236830315557,1.8196064615172527,1.3922879086586253,1.0603720255741866,0.826309682820838,1.049759574411491,0.03537630375074419,1.1184922039242249,1.8795342211714587,0.27576615941136584,1.1153379138166182,1.0521305127448748,0.492907096358862,1.4032573498340573,1.7090740678502576,0.035876388231319556,0.5572175587711512,1.7971775388749462,0.39421834180529935,0.05506510909004625,0.6017404381353539,1.2981683077103938,1.4153884062905637,1.4870472749021528,0.012667220330552897,1.9711245442074228,0.5613020444215704,0.25438059165455096,1.3412897953504763,0.8460875626648028,0.7958097826601627,0.8140381977354827,0.9277337874822034,0.15609759823562253,0.8208072205357752,3.5144865866492467,0.48809284469533143,-87.17785171909408,-48.30717304393456,1
1.4760699748612556,1.156596017720435,0.41687074234676214,0.604959204665934,1.220777071546423,0.8289812806633907,0.8118111422846428,1.6035320500058647,0.7253904762149201,0.7021764042006557,1.5947938756804403,0.6155840119502145,1.17392044207335,1.900629523712349,1.1644548770889702,1.6196516456656553,1.453986020787685,1.8560882912136523,0.374125720236147,0.020513168810387894,1.9641643256622128,0.7459923601512894,0.5089494151316551,1.7754856379151598,1.2273375576754357,0.41272621513768315,1.6685711623422965,0.9233301823175855,0.8871108733593789,0.8847187529489409,0.029560644232419997,0.2845758167691045,0.783302659542983,0.7038371734264606,0.17014404608711242,1.9714203400580803,0.18661308377553665,-111.31711085354492,-24.1985655934429,0
1.1691392159358411,0.31092890531653494,1.3598352055920246,0.7110330622262335,0.1328163945736125,0.8824631406090866,1.4981438662591546,1.3296738380226165,1.6250828006186804,1.663101887508276,0.6665933187613196,1.8722279456551878,1.2375648812942674,1.5331868971612785,0.5095772092247235,0.5638272809414051,1.1655995835618924,0.12781046873577284,1.6596030701131022,1.6741455494180373,0.9064621966718778,1.1500096988879736,0.7133541700341208,1.585335332512212,0.8385130055370471,0.15793485575098454,0.3258394281430601,1.0575086400640747,0.6454392090859924,0.5314761775902535,0.6382661861568649,0.4753379105436185,0.8105392307899872,0.6018577966158929,0.42464792898611825,2.950649053092482,0.988101412685515,-73.64408362569176,-21.057702962872998,1
1.26858563404221,0.7644386742014824,0.8782385313746341,1.4435186317918753,0.3471090849473344,1.3520418349397991,0.8635210262631492,1.8492538856671838,1.0994623168766098,1.7403034935812858,1.4509748465187096,1.5179289564590683,0.0837586477005905,1.8472873202855782,1.055231245913699,1.83172150413789,1.2779869551441936,0.6107249042339447,1.1915114600543486,0.5003343532853624,1.2173301776596375,1.1254726883265338,1.7066434997360374,0.7310323004431194,1.6047359084071071,0.3573306351226906,0.11385379167791054,1.6187298566500947,0.6417930193169727,0.5795430013955865,0.02436306683359013,0.13779577965522893,0.015129797780182419,0.8452453184154461,0.8415767455412193,1.864110708225667,0.6917132218165969,-69.01874151883966,-21.76923915684059,0
1.591784125063023,1.7214889270266407,1.1963012679210694,0.6286926320188038,0.9986164883114566,1.3755582303898768,1.6605708621780424,1.4593875947697832,1.4074584214198462,0.2069294714749048,1.949633667019733,1.703473349088944,1.9889644989026811,0.09028360516867973,0.5941875463802393,0.601378785884306,0.06787972580891122,1.6555165721033378,0.9039951033859102,0.04678692727598577,1.422265442517816,1.134875376109916,1.3225128617012183,1.1992385263497045,0.8713540672635076,1.4608286950089675,1.1527984092569818,0.25331279278842644,0.7582845092833341,0.6200344615232685,0.1710354676851198,0.08791874733649974,0.588880775091579,0.11087035419572888,0.5642480856164835,1.522953429925411,-0.1754724978246835,-96.24848920058774,-46.47809097022262,0
0.9798367461080508,1.6311994804208354,1.636299290973269,0.6827629267223023,1.529578233221859,0.6433405887739663,1.7910011126291396,0.0795544419046954,0.09464910349782318,1.7873418640152272,1.099212538614054,0.29250142560665693,1.7524465876103013,1.9969499623311782,0.8361983361532941,1.6620945789611479,1.225016613597247,0.45262229525730535,1.2854562337634212,0.7017083413494747,1.5462180335379223,0.8032682285161596,1.836997754317203,0.5096322605355414,0.7885012359701618,1.2737396828053253,1.9348720993983084,0.31909004761185433,0.8434000515438622,1.768057004588583,0.5498670059241214,0.43795417236060696,0.3568200535950632,0.5448601786187184,0.6551914940147,2.54469290451321,0.6956363776661885,-120.6048120869312,-1.8074396388383873,1
0.7484444048482668,1.951926056892916,0.9748955858323474,1.4229725216846096,1.6763228111600643,1.1772225388831743,1.213031694427852,0.6600278544294742,0.5510969131538648,1.7264315581180496,0.23767095237793634,1.3591459907448535,0.9137883858702891,1.43045499632562,1.9808274767035268,1.4686470226934847,1.657129512024288,0.6758728644061263,0.0019864846041679485,1.3585510191321202,0.4361240809118434,1.3891644460863077,1.0001497702559297,0.4350448672803593,1.4727117597950785,0.39436065551269417,1.5421689046389544,0.24984066041436748,1.7122221695242712,0.9694165773806029,0.6940867931973691,0.2710583210499915,0.4742649059583077,0.40305095861250495,0.8293120527404171,2.6717730315585904,0.15493172536271105,-129.17852111334878,-0.27368138672083653,1
0.23951129308528452,1.72352169038321,0.6565608884046634,0.7569891429847151,1.5715565926981088,0.11468049933769708,1.9676732022002865,1.958391476716244,0.2607809540535251,1.7395288750613507,0.8982287697989013,1.0971906709643267,0.18574343974336194,1.863951136257566,1.094614423929503,1.027267676418001,1.5734370026005788,1.5496817037148132,0.690994357936227,0.7647659298204483,0.5280536544476795,1.714794687547299,1.468077284351509,1.3317996918505064,1.8313226518892491,1.0736265169567,1.9281607302971038,0.9689508618166356,1.8416656031380028,1.8810508206182706,0.0455941103503108,0.09238796230034707,0.31601477235543296,0.6273023614311832,0.2015948494194605,1.2828940558567345,0.8166193399208852,-111.0865497223923,-35.96472948374359,0
1.4035302883239746,0.9446512967701834,1.069018335609156,0.17336957609991122,0.26067550791903527,0.08671286699827441,1.891797273362813,1.6395987543833765,0.23633728626383133,0.20753474932878335,1.7893493872310733,1.4056433558929395,0.9452161134560311,1.1735584174100657,0.9152722083134888,1.7690087357228914,1.5685723677244667,0.566224880773254,1.4902558051362156,1.071285373340049,0.6859327993518094,1.271576485031174,1.4161710183475242,1.3667727300739472,1.4333672926147505,0.06484908565596914,0.7800399520104009,0.7070064455727316,1.8031313674838716,1.4240359368987163,0.6222729417022075,0.22100728286272353,0.04818362741039084,0.9281383304974791,0.8566612431796673,2.6762634256524684,0.44392184113977806,-67.63922167067547,-29.934204814503573,1
0.3435289157045942,1.0998184255297014,1.4479403060971006,0.20579723649286197,1.2842182558773745,1.755590843226276,0.19740339456250022,0.2418639999128045,0.7709860540359055,0.6683769541432665,1.6688110767695006,0.11937957751987738,1.8838021004629548,0.21226776639144695,0.4788897996689281,1.5874005146975914,1.43975297099191,0.9564634945685362,1.7754363442830021,1.0466114858441524,0.641234273012238,1.0483495531174711,1.1261012535474657,0.4821682896485495,0.2861690532111598,1.7935093018875101,1.4849521310374607,1.6633850075110856,1.7581719437516008,1.7769581499123215,0.427912521488228,0.9550925774481178,0.808639405674879,0.08723735601179139,0.5429609525087808,2.8218428131317976,0.9986020659502608,-143.81503857103218,-26.280947908980135,1
0.736586970028352,1.3085385858582863,0.513169591568635,0.4785424965614493,1.6048395178805799,1.4622961893671196,1.7929914062431258,0.6013501741745211,1.6167549572378608,1.4849684637597536,1.347577899634093,0.6781085872163874,0.5740500078890762,0.6052835551322415,0.01803464391675691,1.912835792529654,1.976991960238017,1.8829149689057905,0.4813441650965051,1.8599473679103855,0.08582928331857231,1.4365097965063882,1.4074599011734867,0.2703151097009233,0.39599455027106867,1.3366898819319586,1.9836044600749498,1.5556686694814226,0.9364214878406452,0.27071650965050664,0.5475653150155553,0.933139634554131,0.09932590686077059,0.7616104684278405,0.5508561038651483,2.8924974287234457,-0.23403196246413172,-102.77808741274319,-31.532853170682113,1
1.1500680687599254,1.2129084330779054,0.7157701383619623,1.5387899424200666,1.4090513867733907,0.02559243605594963,0.459599154771259,0.6336387702434478,1.2710284473284688,0.16112130989595608,0.4949256333452319,0.5669425335250728,1.2054566784002638,1.0071023470506246,1.9623687053110335,1.3977566979765916,0.06701474862966683,1.0652910358591947,0.2336583418003264,1.4168338805914586,1.4909854281793264,1.415550242867746,0.9851379327835805,1.9148280437014835,1.2374364036821233,0.21971068669022675,1.0158241169077786,1.3351790236310712,0.9560301534825193,0.37763639573124275,0.6418618705370248,0.1203253124277135,0.14932890621123596,0.5883705459999724,0.9852905233081547,2.485177158484101,-0.3125015113267674,-83.74212445529838,-44.448610432970526,0
0.856391402414358,0.33012456151997194,1.7242560668880584,1.621777563699169,0.2968153607470394,0.891267524556075,0.6658427461126446,1.5447171819523355,1.5927842004705957,0.06132959250466552,1.9992924621563526,1.831171466406967,0.38703914722108634,0.4580969032761184,1.1933366788818125,0.345637860496369,0.395860325274052,1.9272158489783628,1.646049636376334,1.722075067334112,0.36976429421088475,0.013831884349720713,0.6117350744061987,0.9239899815415458,0.51248032043966,0.7988497805801675,0.6372982033998498,0.8109431938426721,0.24635671318302976,0.8468328779338612,0.9948625393665312,0.1126848425545165,0.667476102994956,0.0420940707338876,0.24383804797728448,2.060955603627176,-0.1339060446841161,-70.24733043106039,-48.620990940656384,0
1.7130604580625093,1.668164424695288,0.6007596871600134,1.464666405322996,0.6428220565358811,1.5456089004117883,1.1969262166514423,0.786302039868801,0.12830744507107705,0.9482402415017084,1.9796414649096004,0.4139492302897845,0.0020459931412029064,1.7627212985918295,0.4704370884205624,1.191485859140405,1.4154066399698602,1.9491972376656643,1.7981524290074298,1.4191442127930256,0.41774348996001276,1.565968757081184,1.7736099976469712,1.3685964371600172,0.16355900021308067,0.15632847124935467,1.7734963192749598,1.1354114949992953,1.9858503283116438,1.3305167352358196,0.8934590899840955,0.8927149724274209,0.6042091587840132,0.8316804865096342,0.21426186602113895,3.4363255737263025,-0.36929164144160914,-90.76951912162461,-11.778385154211119,1
1.2809668590516443,1.8458699529843525,0.5860607248851126,0.6743893588178107,0.8403546090210419,1.591287729087084,0.9983040883499894,0.8995839811716846,1.8403486439469863,1.5590513953067526,1.9928949751560505,1.2274340300337134,0.9584161048850495,1.6010776065383798,1.3551907706164137,0.8020066737535738,0.6489695026667284,0.8393129256964535,1.708326299939165,0.02673387750416567,1.5363753611611437,1.9076086644030892,0.7020853437824655,1.8310034617718418,1.4712442149385552,0.41219604273609045,1.3993092975505597,0.21478318526821205,0.22381001395754185,1.1658333945218515,0.5410356531495086,0.811813649246964,0.72074435686663,0.8177632332661335,0.39503913920015,3.286396031729386,-0.4525330281590854,-123.83560491601087,-1.158586886059415,1
1.5841455302815513,0.14519247386055412,1.6365368993771872,0.8935515204295947,1.8450859210897472,1.3786662556758735,0.10806144285831953,1.0986711557994224,1.6778662416583545,0.02701736239149466,0.6857604173021512,0.7238683102552519,0.6052880752444649,1.9061003693417664,1.4937020394994962,1.656090584367416,0.480596620141277,0.9165936079046324,1.6677782182960037,0.15873242862061288,1.5644280989234245,0.8996593042740304,0.7690339727439441,0.5242043259425346,0.12994531562362366,0.25997841272116284,1.2430703206033633,1.1469014820000456,1.5210459133509266,1.7816586884369514,0.26267603837724796,0.576545268393859,0.7780594892502269,0.07429295489890475,0.08409416694122795,1.7756679178614663,0.8056896673176857,-69.03843008816679,-35.54842463005131,0
1.905443518534256,1.6467969216932132,1.9322491079124624,0.35898920253705313,1.884478395569599,0.8355292654524888,1.4509605792924227,1.936593292833401,0.7807646384300706,0.9159568084182195,1.157683260557428,0.9823595203481716,0.4811841414649778,1.6793769664766922,0.7049475112126016,1.7197319056357316,0.5774002974615506,0.33998567951541325,1.3762603781164944,1.3035331944673534,1.850758872722243,0.10523297278574395,0.04640573147610261,0.4206241241972548,0.3013639084598012,1.5961391833267504,0.6112137015694996,0.4298968370726606,0.3124515614570116,0.9563190265589743,0.8338211409055184,0.3210488713700351,0.06887692345799279,0.6101113516302292,0.5508951716764632,2.3847534590402386,0.09806183959210091,-101.8144998375816,-38.23506595848157,0
0.7842800608972467,1.6031765295658773,1.725547537588845,0.4651646111843335,1.4639837932542568,0.18730006792452958,1.3897510575093484,0.30929346441975447,1.334163049336082,0.08823459210078366,0.8185451867562823,1.7199760311705428,1.6154977989194483,1.2514674780417772,1.9584781808208038,0.20742270365803916,0.8364568646639527,0.25495495404136226,1.0194790742537674,0.5053542881879225,0.8405502624661612,0.18352894192579772,1.6734288135611015,0.39316870652309444,0.32906550914160615,0.06822659715213386,1.8597865092789199,1.5808818062260246,0.057716746995103874,1.3894869083158128,0.7199234193784249,0.1649694090821725,0.6432831829277355,0.2876212258117049,0.8185083221018675,2.634305559301905,-0.3765856286789674,-126.11814201731526,-48.42359005670483,1
0.4822090353099191,0.6693352701028408,0.10763031005392176,0.40027417460189985,0.6119896358040979,0.027351096872031855,0.0727825157881461,1.6679017257624067,1.9503698185225342,0.8856971386298651,0.44806902027609663,0.6886381051253125,1.1534542022759504,0.0010718568445100551,0.48055027231023684,1.2439718966245028,0.4476203286751639,1.0371095640680532,1.9964268644895071,1.0558497177323343,1.9436323940696205,1.7292157122669107,0.8825372887647096,0.10090214951849652,0.6780947966742701,1.6184738475475513,0.885594216862051,1.3606659974976547,1.1016989399716595,0.07263473151084665,0.9374663833404132,0.7270390692426327,0.7193605914252423,0.9966845826212284,0.700406386169349,4.080957012798866,-0.40780665022557505,-105.93709631776449,-29.33739754630676,1
0.7913004660953908,1.0190365272981783,1.3358980049380484,1.5380806097902753,1.0612264414569947,0.8628057382519179,0.1099348402941911,0.01225078303959104,0.3895798746839445,1.2373546910112823,1.1953658600524733,1.0714265221452917,1.3013233397934145,0.2822117108144315,1.924839346546626,1.7171430002977968,1.5406759688527776,0.0037220319705713045,1.7644886272373308,0.9488607276314138,1.1607156133270384,1.6241707438477322,1.1254167696566242,0.8346036555849421,0.46481390790881383,1.4902584069185774,1.8587767214401103,0.5739768203961091,1.3651706995939366,1.2506035975675889,0.30817658117316604,0.4572680332153679,0.7211053722014076,0.9234108301547836,0.6303772579928357,3.040338074737561,0.41253571901375374,-146.4292268228502,-13.95387271161988,1
0.4247234399886384,0.6215644023599007,1.395541625028916,1.459693000341306,0.6822542706414902,1.0534749529146994,1.4460444140399722,0.5068753879259074,1.5250350731401177,1.9919922679296833,1.0501520195976501,0.24122699453676222,1.5472760303209183,0.553276157778918,1.5564824516152267,1.7877394505962843,1.8744662963866632,1.4776503235180902,0.04909016412743328,0.8547274720714444,1.893189018023619,1.5472313172710581,0.6305736526742505,1.2221303512220516,0.7388291134761087,1.998977518540617,1.5432705233476303,1.6217795433795965,1.571323384805718,1.856814457448435,0.6900399411918008,0.19955903865630686,0.21943139194297534,0.817717596438294,0.6600988303214385,2.5868467985508152,0.8608129299022331,-68.19976945654915,-34.382859654503484,1
0.42954431564969564,0.8338425825670388,0.2903955365084203,1.9727834641783917,1.7777099732783148,1.0969567672917215,0.9266481383611369,1.8754957207262275,0.47116015537781974,0.4664715443473848,1.6136760567022377,1.4230505876826893,0.8534707122144698,1.7886656777711618,1.6911600944545984,0.23589205180707395,1.1831694624230555,1.2544659328447803,1.3255009127294137,1.3541011333659825,1.6701511446508337,0.7267929884365332,1.0990720009561745,0.500431057420873,0.7395815517643154,1.467591461738251,1.9256769292291402,0.21474050215453278,1.6241130117629936,1.7902586142817074,0.3255645318912187,0.7124122451106524,0.6221056067373204,0.16066368565448041,0.009399234499034459,1.8301453038927065,0.2238169505207337,-67.69657174724725,-45.72840806425738,0
1.2419527773698313,1.3394961557327008,0.58595727685209,0.42971398849284226,0.96121677818096,0.49613236381764403,1.8732668702385171,0.16167661837940273,0.18995496030195524,1.7881952102950645,1.4939570965385534,0.21101396397464223,1.2238196268208337,0.30914361481066877,0.6532840308946541,0.8448334044498944,0.06694838874575093,1.3664491655418156,1.8749409397653958,0.8312666569653746,0.24756753257579112,0.5203747662020923,1.7221607949948654,1.2724225452970335,0.5485310979086226,0.45183899190716525,1.7605641669053484,1.0549107279934327,1.6063804233823633,0.8308263840052816,0.26911413546162666,0.7656772096925324,0.5913550206229394,0.7640183172319092,0.3041972767997415,2.694361959808749,0.04600087163983191,-96.52374105539134,-2.136770273398864,1
0.6567426201939939,0.9953902298853181,0.0490345370509353,0.030884001679850615,1.0638323492573696,0.7688791266448356,0.4723982980023824,0.7251838479172226,1.8103480634020852,1.1807011319025136,0.8630636883069616,0.7700250765814076,1.6398574101788275,0.5831017196580062,0.9405262369672944,3.2071340465122944e-05,1.6430489926665692,1.9613575222597104,0.8663161213517825,0.14382311919697655,0.656810639421991,0.5101741914586524,0.21068375249076343,1.2529130088009084,0.4570089304926206,0.09154816679007505,1.5600186454326692,0.6586692420610964,0.2106133224785236,1.8062630794737775,0.22927996082866375,0.2290019095062663,0.11741572890588425,0.6644009947223662,0.15142419742756663,1.3915227913907473,0.8282986230076204,-72.64704069255718,-31.062702496405798,0
0.9678288438571396,1.0433509027765233,1.3734417129095706,0.6686581605763102,1.3636695794004576,0.6225378510830313,1.1023898469449684,1.2289268462816536,1.7919023605549618,0.12105864682130951,1.9471902736081186,0.5794198658543832,0.9593784245871524,0.6852885232846941,0.8972839256185978,0.4005427080084967,1.4224508871980146,1.6114522846776937,0.9508390318370536,1.519861625525153,1.8328676322818025,0.5607438823309618,1.64914458883316,0.07602827498033427,1.6577426517258704,0.670104442752794,0.7206469280949379,0.5701257527399146,1.9149602583826082,1.8594554435288748,0.8569459359684305,0.8067232783233727,0.5430256880642232,0.06518714490112476,0.8286388073996911,3.1005208546568417,0.7794686854745734,-88.7812709713213,-33.87273532515586,1
1.1984875914851612,1.2083158984428002,0.19243035461884128,1.2793970950933131,0.9510029446687762,1.3207382910745364,0.22944862824629353,0.24918561145250795,0.4917204801636186,0.038007749265328794,0.2569545794671111,1.0194096466179408,1.6289553826573284,1.0960081097465926,0.33890157823515765,0.8038123526273924,0.30446187238721323,1.5158091058221577,1.1426635488318488,0.05307458145739097,1.367908017454411,1.681041089056903,1.1664315437593746,0.5980342473999027,1.6265363939217823,0.8437770075902711,0.6703243015368514,0.22368199401798528,1.640607940347978,0.1654038948455081,0.047296811209889045,0.8692509087561384,0.010816238585632854,0.25182425144899945,0.47982608623778455,1.6590142962384444,0.7228794990846845,-67.34100213469668,-22.25464746394829,0
0.2944048894596274,1.462939103448968,0.3333408574887322,1.9443003596223702,1.304235485032652,0.29251033261396686,1.374349031893744,1.2352361310667244,0.18703698151524262,0.7117893402755229,1.8865640242680342,1.5178501647473823,1.0945974093302249,0.14483065519467275,1.3418071447308586,1.5243488974846888,1.8927202537890135,1.5463732356044995,1.738944298630468,0.0038660400605141643,0.06483991579454074,0.47554041675085523,1.4286613250763214,1.2312143420801602,1.6649614912421267,0.7759262191247278,1.343474324149291,1.6334412976219084,0.8786089046819832,0.04717846436804418,0.6733030673603364,0.8728416369618877,0.8332123991289531,0.08728291366573426,0.9131692641961405,3.379809281313052,-0.12596938458209173,-115.97278618187899,-9.43353827512588,1
1.0505072925892835,0.08500931068580386,1.9801953028601291,0.5446946026905148,1.8205654442392059,1.1279650844968723,1.7696686937084105,1.6068677129766584,0.8351458955716158,1.0115935354783225,0.6236726778228208,0.3937876208295712,0.6437184883931475,0.36901698054620735,0.6401550358882011,1.9438118487539984,0.5624085448873752,1.1708687837045715,1.8417869597301866,0.33446085440315576,0.7109678594252862,0.9947010893897938,0.7009609643488417,0.22841946602580365,1.8780867933807606,1.5854546580330915,1.943048754121735,1.1334582148853791,0.4549845913327022,0.06442467257721751,0.5829853473811123,0.870349872339758,0.9220146910516013,0.36076452119751246,0.7755597843963483,3.511674216366332,0.9016425889575832,-85.67944147872447,-21.31528754045236,1
1.4798975383419863,0.3418483430628967,0.33880667381124563,1.8026871576651202,1.876074053811236,1.0699139712301722,0.5915992300260464,0.4864552334723411,0.09374323821686747,1.3033961179894515,1.4314710411202813,1.2213721482195672,0.7266300279456328,0.22364082401265195,0.426007593410342,0.15303808548270137,1.1819587141150587,1.0420393409550706,0.649960949828535,1.2956970744243652,1.3466219954072842,1.0181617261574007,1.695644991577217,0.7062632831765177,0.06609975226023868,0.055005542333905755,0.12039235477649712,0.43135659326035136,0.4799101966327528,0.15162412008210935,0.6187443227127046,0.36439212432637236,0.5531829979329557,0.6102523845379653,0.059266803596051076,2.2058386331060493,0.19729054402948631,-132.24614500740893,-15.337683709649896,0
1.3799391082548027,0.7688283731797809,1.8018439555744388,1.0763251227585509,0.9816068759466097,1.490967776607374,1.9137011586732837,1.3551846203784235,0.404713544562211,1.3379386058544591,1.8341429303561174,0.5645592426844459,1.9918068438073446,1.299981929406684,0.956243738012245,0.2764109783695685,1.7494085313932841,1.4824285450283703,1.9623705199264372,1.914652700792648,1.7533097123995958,1.3099655773585492,1.9094274440102121,0.45556691140044103,0.07745946512925839,1.842227387421031,1.1628391178398658,0.5539614296220252,0.2708867539740696,0.3025288150310794,0.7511490786356626,0.9483721645863391,0.14873985123328903,0.9608519923749128,0.7677982431493556,3.576911329979559,0.25775153225562486,-59.06031960157673,-10.158858485265926,1
1.2002730524019127,0.3517073911490556,0.5910762713548754,0.7184957663295628,1.940742045867494,1.5898668246373098,1.7990533057674918,0.9134709942518446,0.5037599106910189,1.505944561341878,0.5289116871682529,0.6879986654060286,0.8973444496942469,1.6416598544422416,0.46415412389868416,0.911599446757152,1.9421946935691663,1.7612298291176558,1.3022262205357806,0.4186441131637211,1.2401300412166563,0.13011255034392843,0.7977748438189645,0.12076241010762434,1.1524800969503814,1.1675452628576866,1.0023873034500597,0.6987394434333278,0.5960645409860232,0.9616955320528315,0.14031787622887804,0.2771645050345838,0.18054084699745088,0.3445289412510675,0.5220230978419068,1.464575267353887,0.882028015105877,-89.70711791809262,-20.563368071595388,0
0.3100412115695832,0.5866226985770278,1.0165994850677045,1.9604229355457083,0.3400535089992498,0.3772094468446916,1.4769337785646954,1.238885194513273,1.4496548756422964,1.4003109605673338,0.3943268219121199,1.6355220184348391,1.5724748102915453,0.6533969251648051,0.12496043030668091,0.9506315224949948,1.2815927704196655,0.24111811894679236,1.062033338114228,1.5526492279435695,0.5165924979392531,1.7203615973723738,1.1559090986550544,0.5418315259901141,0.8768276360233052,0.7108158834234997,0.6165278045931861,1.9375756345862385,0.10771071681017985,1.736370670818056,0.8959553163875533,0.7719519372325336,0.58806992619897,0.7622742630729556,0.3285305071517294,3.346781950043742,0.3973577703560769,-95.57000594106725,-12.56408471278716,1
