x1,y1,z1,x2,y2,z2,x3,y3,z3,x4,y4,z4,x5,y5,z5,x6,y6,z6,x7,y7,z7,x8,y8,z8,x8,y9,z9,x10,y10,z10,m1,m2,m3,m4,m5,mtotfermi,band,toten,class
0.16871371099098398,0.8641667211159558,0.19906744369802198,1.3523897299506884,1.3359399777659853,0.60618271532073,1.9948017426285887,1.5848973166167395,0.705070171288241,1.5916965671300813,1.9810547682725204,1.4566593987287115,1.7984960350796986,1.6991499237198502,1.9601191917938563,1.7493957744692414,0.8025079503581338,0.05208261475827114,1.0819160502850345,0.8888895613762489,0.1495823662720499,0.6704338942207679,1.7447164088503369,0.10553019809000674,0.2660362865130148,1.970116685741113,1.8877864814078205,0.293896945998249,1.5514270445464542,0.05346641995580992,0.17428911354280063,0.05937669719810201,0.5122451746039242,0.22339099074198687,0.15321909393928768,1.1225210700261012,-0.3212010674899731,-126.00443568577487,-15.318244737976944,0
0.6946992931161828,1.6909927044170259,1.1437321923431405,0.9649967729533684,0.8245617325041084,1.3719422012816318,0.8764330985575475,1.0229180093012646,0.019702365557204393,1.7565309334676105,0.12162449831539535,0.4998513671651339,0.13610505865190525,0.7237502081810108,0.7077213375528488,0.2441336474513316,1.2476200552482721,1.8323395276743328,1.1174943724728563,0.9113968114355686,0.6868329399359137,1.654327746022504,0.6998951344717173,1.5006295812407002,0.7143040923953488,1.4004845338833212,0.3031935108387247,0.5779517168496051,0.9289723558161833,0.49492936765648543,0.2123339972325925,0.4083689965024073,0.05172765842398419,0.04028310857368411,0.009864286563922575,0.7225780472965907,0.4002306890264462,-92.03635167863597,-28.337559580850435,0
0.23881153582864378,0.6305634570105139,1.9355917212057114,0.46231331410997667,1.5170882142012438,1.2559958873091799,1.5453151580779454,1.5326112335098045,1.3368212418686316,0.029674596036713963,1.7179753320854394,0.676539304616145,1.652170436644194,0.23831580613508185,0.6467699210564315,0.6233120505949366,0.17271446738826435,1.1699065062150833,0.07347376434014619,0.8399853270764763,1.739717993243239,1.4361632053026514,0.8321378978343936,0.04111986582951843,0.3550675423046017,1.6764084787563291,0.24467836822427969,1.892004761738081,1.8654947548740073,1.7527698520962525,0.0010488365798251298,0.5595429915658051,0.833636175466912,0.07097455179471202,0.5369130246026839,2.002115580009938,0.8814895290896292,-140.6786540493979,-28.70505199085876,0
0.23601421074464835,0.5723459797091961,1.269152894205437,0.6139306690633743,0.9868622006536816,0.8684710925598431,0.8596887820167725,0.429620240655022,1.8608889094016197,0.61463658868311,1.9041011325240758,1.3240006452782807,1.1821037328292545,1.1935910487232937,0.7675697282527303,0.05611938522418747,0.008596561503319666,0.6960826543029794,0.9967555815923084,0.4643006485239014,0.346365378573527,0.7441888956085769,1.086607708614591,0.07551737714115236,1.001689558077506,1.7138312713533776,0.18455217115716116,1.7221499187099734,1.135876270426802,0.05097650290061195,0.725447560716837,0.11678383628140054,0.6691878112903495,0.9966375211720649,0.9599721252517437,3.468028854712396,-0.0025837174268690255,-99.48951755157742,-39.61867484432529,1
1.7010685109848351,1.3040632642655756,0.055212024590383546,1.8753770077605632,0.5823741658955786,0.6500139183229652,0.1833277978959993,0.23261056772034183,1.7529723625214428,0.8232743338796082,1.505194624703784,1.562467555166537,1.8553572510321197,1.9612697861641597,1.5153505695995926,0.45495340139552054,1.120836864426354,0.37093714583426185,0.021767140680918562,1.9969612287664609,0.05841441382971291,1.057192107058368,0.26128055633397373,0.6716453037093617,1.3953805931060141,1.5875110831698438,0.4526588182845752,0.47753752703575425,1.5569003820728795,0.2666469119784256,0.8191848564035205,0.30042325028542216,0.367531389833746,0.7312193959069587,0.9438527341763632,3.1622116266060107,0.43877461703186604,-88.07762762619048,-29.487374604102513,1
1.5177735039105116,0.08285647445694955,1.8800970855311374,0.5172286608343897,0.638414344815859,1.5953735450634712,0.3080065518904107,1.5245172914312122,0.5844603016663399,1.046352349749261,0.5374922251189256,0.9274048327280155,1.8203905989693414,1.278677416374593,1.7191919040769557,1.1512069292178635,1.388888241051732,1.6113261507057344,0.9245223182419544,0.4116922251174453,0.046278453151741505,1.4916548332198183,0.38350698300560615,1.7106844082689368,0.856461407855448,0.1972186422442228,1.3970368033162057,1.2017607511544048,0.9220358155288089,0.9501971096830104,0.9329526881666997,0.3093817586197942,0.6736653516433635,0.7191655850398792,0.4142008871890528,3.0493662706587896,0.3645831348039913,-105.8629912835747,-28.327509864571855,1
1.447384743657125,1.2971159204213631,1.8154017256009534,1.3264607116330935,1.953830238151146,0.6951318178209847,1.9173073705605779,0.797824740756804,1.5910400944489378,0.15687678283644657,1.272241994237557,1.6460220216346835,1.6048766706862103,0.8338261250850783,0.5937333193362218,1.0033280226082615,1.2647249636176592,1.652479435826425,0.2673267649231075,1.4220816924962292,1.9578366172371555,1.4932808775092128,0.24956986595450692,0.29149984962435016,0.25144115659332766,1.9455009687258022,0.7945627161144473,0.5719175810842245,1.2615351310091873,0.13849266181697706,0.9599202655880196,0.16241966350234394,0.4808703272189514,0.16501917560097068,0.01805943034409696,1.7862888622543824,-0.27975174310551754,-61.58484072768192,-27.879033789034175,0
1.8661348945272014,1.6211009665347338,1.342475224731726,0.05553271190814346,1.898772373585549,0.6465588613383628,1.118792029232767,0.12297522590676291,1.0703877019473824,0.1775329016866274,1.2971106210850945,0.4174886154090274,1.7928819749246265,0.1596718814243716,0.5535394614811202,0.020840555229865165,0.944965550775241,1.3906005995442823,0.5857994104759001,1.4658230077636145,1.1328764307812638,1.012086114868017,1.8994665706678306,1.4352048263321335,0.8865225769077034,1.0652628637058248,1.918725305931736,1.657093077887267,0.9520860329717349,0.18018841685367137,0.6587285609805096,0.969745485664544,0.568027179243466,3.078613535090202e-05,0.45699788374947437,2.6535298957733446,0.30255690017597403,-91.69386833157785,-40.58263873276759,1
0.8598089150279515,0.3172906371195574,0.12139058762906463,1.2738183588615328,1.9891913370466983,1.522132087881733,1.3151039488854046,0.9015811765597559,1.894063476295348,0.7012745579770199,0.05633891854050965,0.30020251586808766,0.5545412028149732,1.0160057390368418,1.7306841661276262,0.799103428712783,0.9435694680438345,0.7991362718684987,0.9468353554662714,1.3725035235744893,1.536484395930396,0.5182721206646832,0.24698477920664996,1.3255177808347691,0.17695936127240652,0.71569021055949,0.1414324796926658,0.9207246245903149,1.2837038469086801,1.8438395118812603,0.3729262319246305,0.236549328664734,0.8510443424993201,0.5432929949183231,0.9886609969056134,2.9924738949126213,-0.44105830005624413,-78.23947124595372,-11.959708307191502,1
1.7551506496593812,0.5657752661378519,1.518868041685356,0.15829105688782819,1.9363252813631575,1.1235389326533634,0.30701473339161667,1.0027079332301334,1.2151775374830758,1.2784023907965145,0.7174085044635268,0.2028861136135014,0.11147274504146965,0.6748331204388451,1.7068567327090278,1.2895065675109318,0.39353419585228155,0.19016683139561263,1.8488357503147923,1.4902230320540049,1.9605653170141089,1.7672003656220232,1.5809924108327988,1.4362448815061566,0.7959002431837099,0.43299846447332646,1.2160924829210524,0.004249153599261035,0.8548955861190934,0.05977572267939513,0.02134144584086084,0.7072779896416077,0.2233104460710511,0.34149756465681813,0.8213086856385378,2.1147361318488755,-0.2282756681578425,-108.0853621688236,-1.0885365212649434,0
0.03876872073299453,1.4622408746662479,1.2184654039973148,0.628040256821661,1.1969163095507231,0.3952837070459285,1.371509110889888,0.6989699882220817,1.0226777327931984,1.4647513459225372,0.3662613270909334,1.0071645409600694,0.24929471113811918,1.6365940137108803,0.6537827464299328,1.5935053795386713,1.4503729074706648,1.7569170568993564,0.6983328374469118,0.6142162023372528,1.2045891801279311,0.6364586599646194,1.31929655334123,0.47706099540330293,1.655819167967633,0.015898507509018334,1.356455538810146,0.7020405250879842,1.3658397705058103,1.6469533515621868,0.6447579221767322,0.3586901083034504,0.475532869873338,0.36265354272375316,0.6721025624899054,2.513737005567179,0.26349218534865004,-129.8231494956852,-46.58069959868623,1
1.9262030557619867,0.219299188348832,1.6403530567266147,1.1283956670568165,1.829201432350837,0.4021369316991641,0.3582910042708787,0.9745748702409669,1.8524446985288203,1.7877492324832713,1.6308111725205248,0.6764023619365722,1.0550733436590671,1.3217849851031165,1.40910297917976,1.0854663957409112,0.8220627681271651,1.4907444702447374,1.4692280134882958,1.709226380847752,0.03923224278152282,0.5652628911148689,1.805860835815783,1.0670789249284167,0.4437872301869472,1.5847427379045225,1.3380660476867225,1.0979972797566575,0.7672268520014758,1.6947678576764535,0.4961813090852196,0.9797541696543471,0.16126003386542676,0.5610969781279991,0.10779653927784161,2.3060890300108343,-0.03303412088231489,-55.01281549558181,-24.54052644646612,0
0.11503171455781458,0.702337999034977,0.4947413943963408,1.921267900813713,0.9254804761750586,0.9565398564291714,1.7248726318454357,1.467552902951789,1.4865749786069,1.4101180632686023,0.5914740125913165,1.5011900865558574,1.2101706179590792,0.00878220371397731,0.9757541413865096,1.6695368288404968,0.4114859069740431,1.678352180424289,1.089099357106805,1.8782514702981254,0.8244192157840935,0.5874615944250692,1.3817597800493138,0.7784817346840165,1.1453152436223983,0.7239705576900195,0.6129818924734403,0.8380930045430399,0.26873826015644786,1.1736724937009886,0.7635424332028178,0.19959227510119448,0.9333078517881463,0.7167839467377369,0.5264300956680531,3.1396566024979484,0.10976147595791952,-146.93328724819506,-27.870079492600542,1
0.23863431924059886,0.3002160048665905,1.8814122580460253,1.3479473764966914,0.807225036214805,0.9680610110892103,0.2737208765673036,0.25140504069100045,0.5675043110266624,0.8756974382512528,1.5725596768687746,0.9471486351184433,0.62455273415988,0.6936250442844973,1.9587870595400436,0.12837212425160538,1.8604832781720944,1.7579976696027828,1.5396166626956074,1.2637293740281224,0.5008022959284102,0.21544642648677303,0.5643589975438086,1.9637388327025642,1.6923010956013136,1.4780517380190996,1.301078764310186,1.2073347748966796,0.5982245257473666,1.0766583073302973,0.21603664322366,0.047462860154606656,0.7916467767192426,0.4681150241693568,0.6497041772400336,2.1729654815068997,0.3605946381528825,-66.1949679463516,-35.835579160314964,0
1.4730780663322398,1.4749828829845377,0.9423538034407157,1.0278764697399116,0.6473264203784801,1.5422864050267588,0.038432358923239596,0.7382970838958265,0.4422265708845732,1.518261141135666,1.2175968875235792,0.7916291822506798,1.6267423277646584,0.17562014343718158,0.8243633048910035,1.3454192705488233,0.10540873318815458,1.0881663466683913,0.5351947498327314,1.9069487114095267,1.916075070804075,1.1684657620330794,1.19976543282519,0.14194174896538891,1.2746691096924463,1.0718118575941757,1.3386564027108818,0.015027524625292665,1.105518893837546,0.38522860433171435,0.5846720301842661,0.7409970171818915,0.2433098731068849,0.8721710345207205,0.378933250295552,2.8200832052893157,0.1960795649711733,-120.49447978962282,-37.77743697618131,1
0.04363909116651388,0.514711672800511,1.1989955758842195,1.0583975941063828,1.6851826379619563,1.049139291770104,1.8081060188026747,0.10705771853995838,0.212786323967054,0.704843351319925,1.3774583979767752,0.027900609258997733,1.3468029078621293,0.18356853035881882,1.5441223453537642,0.8707895643807813,1.5818189650221017,0.5429167932919083,0.5166790811524986,1.4121610841913237,0.762462047740718,1.2706965225801803,1.1671368695623492,0.01888801119054828,1.731085459925435,1.5738563502584237,0.36399229568030766,1.038252463578187,1.5271601544985327,1.2752973648408399,0.5561716899314257,0.7725606859966884,0.9543675238634767,0.13477003570731216,0.8010392105484543,3.2189091460473573,0.24544567811536333,-81.48462725288208,-19.974436447621578,1
0.5584809913481645,0.030066900714673217,1.4628240275270743,1.581001590666282,1.4451779098157393,1.4870801320884066,0.47395205542059937,1.319186877689396,1.49149219146092,1.0826655324103842,1.8779360469854574,1.283543282405138,0.7806016628620145,1.7953987856398095,1.912938982334397,1.9204730554065483,0.8232665335349376,1.9700787045417378,1.4416156888772595,0.5847793170527058,0.8713882616921236,0.09520663099365678,0.9034649875019707,1.8303793317755102,1.1760687486116002,1.6488046399513807,1.4362409553524675,1.154999455971695,0.35922498120820245,0.8971310445142342,0.9029067250085842,0.2838516114366445,0.1992603626394387,0.5808811863757181,0.4889147486501255,2.455814634110511,0.14368845618818815,-54.66804751604939,-45.077487449351125,0
0.12990314847184137,0.13507777308991487,0.8123583809215853,1.218458582587626,1.2234290712466,0.2223736147756028,1.9421109590298444,1.2169091669803993,0.7653204086545349,1.259337901145546,1.3975582973044898,1.3989775402558204,0.15066080567102969,0.9612589593209417,1.9782775341787577,1.5633089574913623,1.1655163381887381,1.280902485792553,0.5440232394280469,1.2435036527265955,1.9351905744748175,0.6017138983067964,1.6850582101179652,0.9620405835444115,0.9711832355167183,0.9502340114831864,0.4123318574736474,1.5601786126128712,0.8459680827866731,0.8807158444941543,0.9029596280338701,0.7192875282095816,0.46734569228488676,0.2574283590094101,0.9539581316300222,3.3009793391677706,0.9822581088153204,-120.73271305599866,-26.777825990741388,1
0.8428124453071504,1.2291581829175193,0.5103722079618118,0.9498646480590709,0.8574418385663094,1.9784873312162257,1.1431343042656743,0.28225151382488334,1.798286911679666,0.9860762787443025,1.0669563220379559,1.8480398828487419,0.5360712309610303,0.38983634956315005,0.1763225558215018,1.9498513243019537,0.3215882538022423,0.9036158409289472,1.0213795988661538,1.9571623143164885,1.0841464779813084,1.1490919448611576,1.0051753144156539,1.1768807681084037,1.4944734183339472,0.989952378839261,0.9166732282190755,0.09041210260578803,1.7443143357571282,1.1551060266668667,0.832487632975979,0.38405746612295777,0.6245792405926557,0.8312944781623902,0.6342162692295543,3.306635087083537,0.04730509821833828,-127.34152568905728,-47.25049071770624,1
0.24471177980554915,0.33551899336108826,0.4677811581021367,1.5821050833996966,1.4183435609844803,1.6871747297071529,1.181618045757397,1.0507491620463159,1.0822133891987011,0.9895330755467924,0.46759586382917306,1.964506728602187,0.7589777317354223,1.9425597877774172,1.1553734269312108,0.8674397702600689,1.0936659592770983,1.4570189484044547,1.2107302069761015,1.8087635411460004,0.7965316542684633,1.3382272102124644,0.43981304205459804,1.6214203604206312,0.0630924806062032,1.6559791309333955,0.8348372009458698,0.9182531940996053,0.6754122842534227,0.4272855246937386,0.6365395717182604,0.6616847113373141,0.9215325963358135,0.6199375775238279,0.9699878817963368,3.8096823387115526,0.792822192870976,-69.99778597421044,-18.461476180539332,1
0.4740509167213882,1.1118449462697986,1.6306561985610313,1.5466139400324568,1.526487389621037,0.5030395855006233,0.625772702098849,1.6686155645831446,0.25553523206964646,0.24537468304332943,0.25312427185410535,0.8466600237005566,1.951182132355332,1.1771341538196776,0.6496021227744619,1.3423880152727314,1.5817919787114267,0.5324479465049037,0.2882099533358511,1.1867971906146761,1.8064156308375399,0.7639248890977195,1.6660470899807236,0.9116495360361698,0.9838500080231916,0.14273766839141522,0.7400842340396245,0.040256189609078064,0.43985181217133684,0.2203197998983597,0.9306922982885337,0.20833859610978223,0.55205861980203,0.707717419553569,0.8082093112158155,3.20701624496973,0.971511935368297,-132.56868584601494,-35.139994794415635,1
1.861843536376872,0.06956147563267723,0.37350656713823516,0.48108034853376314,1.4640734379487432,0.7780173837377098,0.4324444284043947,0.06507890895829971,0.4006698220721916,0.8723396387508158,1.9605822836547413,1.1349953728839026,1.6543862994115686,0.2346913344171111,0.5702024236112897,1.6439544663077141,0.6964273495520441,1.755466469945205,0.5314863459620234,1.836411441239832,0.1817173352567536,0.5253129523390336,0.19215242909861008,0.33765264573471687,1.391928104590404,0.7447717812255905,0.8866451287322896,0.7727337302642976,0.49705319816259697,1.2424020711267318,0.4350145002534672,0.5850011350952395,0.5434273132860075,0.9864973646821391,0.00921633792258636,2.55915665123944,0.9743797027518375,-135.81194098346765,-31.625068546840396,1
0.5439261251088672,1.512303807464362,0.3202652536409052,0.02229938469895143,0.46341009130232536,1.8230234793207614,0.5970588213488617,1.990159569200523,0.5431370728524734,0.6264830837155064,1.8912727806706868,0.3506721815635261,1.1152164395834196,1.812247036996058,0.7966805112454789,0.6615646275378724,0.6692372452278286,0.9509578610741427,0.16171517527707535,1.78048945650874,1.5447028895766401,1.8824256159139945,1.7764063163373296,1.7561395935652384,1.3219720974781055,1.1546054832947372,1.5583694485212394,0.3080671703522666,1.9182564454675908,1.2989184888983976,0.9592323324451162,0.32848929856229814,0.725631290014831,0.7657827374191848,0.4589392162683419,3.2380748747097723,0.5182883233330373,-138.6594750491982,-19.14558865806044,1
1.8226216463505718,0.24607270052679087,1.0727209480660573,0.813756953032722,1.2806977158883848,1.6511891594980457,0.7655366005542894,0.22056829625427543,0.46383750706635496,1.1551485205635963,0.7784941139752408,1.3153934000776857,0.5856439132597036,0.05085800828841247,1.9673143119752543,0.7730633690748872,0.6325114926115594,1.193694811915449,0.1356874975646034,0.7281576728836778,1.739574142067946,0.7675977258318021,1.5822640009552542,1.1747156301701371,0.612543264863135,1.7760791350411782,0.13794932980135366,1.0828495579099273,1.2316270248436292,0.5712022805784589,0.12313303961083055,0.14194882190605485,0.637049516486698,0.1719811247515819,0.7592331060510092,1.8333456088061748,0.7514788609767109,-60.8388495823571,-39.515532091060365,0
0.4397978772053879,1.552181366228037,1.8482713671865567,0.526833990222177,1.1108755135124175,0.8317457221292481,1.728420422779138,0.6017574901376297,1.8005235049893336,1.0718569092652737,1.756349589596667,0.2280362890135217,0.21831229839328192,1.9228703948269643,0.40344542159821106,0.6002142549401104,0.5764324513507884,1.5552361343695806,1.8162105998874651,1.407262479256523,0.4661805385325999,0.6954545115815538,1.7452488976204794,0.13107042084329956,0.7147244595841264,0.7896146787345719,1.5602092190053762,0.26254608744897423,1.051423342368904,1.1815011137154772,0.977869794334046,0.8381056660830084,0.31330992851175155,0.8495870790042354,0.25542127320997077,3.234293741143012,-0.006410358312300302,-120.37065269324631,-27.38956193213089,1
1.1143678424201928,1.9157184119378243,0.259687974548398,0.9394208617851283,0.0586511026634744,1.0355938729333243,1.1712603212158397,1.8487740521841323,1.984914593578363,0.746708117515267,0.38912350918492367,1.1017371737270143,0.8683747267575166,0.2679025920093836,1.5294221628365785,0.7092426887085173,1.5708415664376505,1.526839776359871,0.3909565305934759,1.1827142743726249,1.155968230049875,1.0013643376594272,1.5979478463222203,0.9401491919348801,1.282559817542588,0.7685917806193261,1.6742476154757435,0.5142778522419449,0.10962583587345409,0.3568242649885218,0.6717275162439718,0.37892888926820634,0.7788538135122393,0.324130486648773,0.10924326252211403,2.2628839681953044,-0.2652113304955027,-94.58501361997955,-17.805710502619483,0
0.9867135588826377,1.6310138721128182,0.7204686724124296,0.7234724760318307,0.8831788627733004,1.138874780354862,0.6937376146747711,1.58890273747076,0.028499833030333654,1.444747763693954,0.18307654821968877,1.1885846834739069,0.6674917982680839,1.18401097916437,1.1890406299236884,1.7284130274158436,0.47204463629691173,0.8271449346268485,1.769626159643951,0.37229544165975925,1.0543014615649566,0.05158317281103386,1.9315084171090264,1.7614333328472995,0.30661301964168164,1.0655767481215888,1.9605127845936015,0.5727073550285198,1.1100151994199192,1.5948267782993908,0.13422898578325193,0.48107461668417306,0.8702937139278076,0.5047438948763268,0.3715982532353447,2.361939464506904,-0.18278209433119197,-121.7880212077281,-26.81125353960797,0
1.106027341055033,0.46517716005956933,1.2874625589589568,1.8258309305163645,0.7265712995244,0.3357370954476604,0.32287033164355416,0.35668303174432636,0.033977175229619405,1.237606391584893,0.6562887196409894,0.24033279767177884,0.2986790647978379,0.6601740093273678,1.359512659024593,1.9391407365172006,1.3945118796376854,0.2676067052035829,0.3311898418399779,0.9455573616474247,0.027691448764798343,0.8854508941201744,1.6241066202293646,0.40800975323830446,0.015435417435141208,1.6202905241935108,0.9429137902771578,0.5023426230583434,1.3237568486198248,0.3283173147704237,0.7932217664325155,0.9127703052639276,0.0772571319109544,0.5560272602337425,0.7020159114751251,3.041292375316265,-0.3312353639840802,-72.7830108836544,-16.97892072007357,1
1.8025434585770588,1.6145793162327275,1.5918273132841378,1.7984572935173135,1.5217519403837874,1.3325668000824085,0.49768615595401267,0.7403465378282594,0.32600710552001777,1.333906687265465,1.8973822928220947,1.2426935234027254,0.17862207696932897,0.7828202580690613,0.2494538113321203,0.46634031678767385,0.3917919059747823,0.24105558757943202,1.6914223597428846,0.3117445794373681,0.5507994999142793,1.821096956891967,1.3236928902611702,1.042546568778355,1.8158109549197916,1.1766641731660183,1.8484393246030584,0.20777729761310293,0.406371454171609,0.5119178004205875,0.8547197751704183,0.026384609292310346,0.3704671870637338,0.2567442332112122,0.345138088445457,1.8534538931831315,-0.12666830831511777,-74.45439371202363,-12.843631023544416,0
0.7365056806856773,1.8312926992677714,0.3844513375639198,1.4094972102566194,1.9860792554502955,1.4134663626538053,1.683947415481487,1.2981522298038226,1.443325706725707,1.3954571696483056,1.4406011535104062,0.5040659216389907,1.948571758131796,1.567386714613338,0.6786438097587146,1.4060514814267029,0.9557208735801139,1.8877270151169985,0.9377727565140999,1.5934069523211976,1.8507693684870186,0.4920222730817603,1.2368801152513973,0.9305099512474435,0.4853400177479126,1.8513953887678551,0.9658654795636745,0.07523647287855106,0.7510257607650439,0.725297881553725,0.8659535463273081,0.6727746405237753,0.851940996223791,0.21186381064025683,0.06950292227793697,2.6720359159930682,-0.4466916404823398,-64.50356658321618,-42.36456521760278,1
0.2858477121983991,1.7351883667713033,1.0308411058163927,0.052465265053675436,1.9615396266939815,1.8238855070310107,0.2733256993601929,1.8639102172215043,1.69393861599857,0.6957764179132622,1.6581864090734697,0.42065171515130695,0.08979819289116198,1.9218604392160703,0.9720993744054673,0.32484832013037446,1.3318693627450056,0.8548261073527836,1.7717652558371124,1.1687783794529856,1.5038067949820875,0.3779278450577064,0.9347858058836678,1.7230305465139786,1.8595643610549886,1.5318828886470164,0.6672848095667054,0.9331188745187011,1.1986574796494087,0.9265569324198111,0.03370001264434286,0.7513609244182682,0.7890288096385831,0.9724757480824194,0.7444203459686494,3.2909858407522625,0.9499187927744983,-75.11895656884211,-9.854027561868955,1
1.7947481473032734,1.3662068767685942,1.2617603771023695,0.35274999541456076,1.5159017000765285,0.5826356090768601,1.1141886888618546,0.6523838703434472,0.17544913753024005,1.9591559390188542,0.43758139596846335,1.6289873869798974,0.7958117151064326,1.2916567365633371,1.0764818817204758,0.9173215779110016,1.4141146210534215,0.0710370689011619,0.8021825149353878,1.4649745918914168,1.877302052422956,0.3661464549493969,0.9025275600705875,0.9277782033828961,0.147468229401305,1.6501951877235366,1.1383490804495398,0.7558794170947589,1.5153061072143805,0.03228237334590123,0.21679294097611812,0.6373959137169073,0.9751598517800725,0.5903411067556346,0.7504471445326223,3.1701369577613545,0.008081977307815014,-149.7451606332875,-46.83333101767069,1
0.7128303516480663,0.44325472672011856,1.5558326194881351,0.5278877815939631,0.6380311831807979,0.5585873233356586,1.2105493162437055,1.5248144175543556,0.5961588085698297,1.0929233888213137,1.3801136691285782,0.47951341523993185,1.9915141600341488,1.8996600484664434,1.8950886339900073,0.9991201816804063,0.4170206990695329,1.7013848264416966,0.8981295733619981,0.9073903997243322,0.8387955945384513,1.94032080418498,0.8985243581472224,1.9784979706586463,0.07453267901840555,1.7493064336357529,0.4290981501806381,0.8017413699583462,0.7371096782732081,1.7175745010211825,0.1880066086643517,0.5097832319534518,0.3622924822478987,0.7255142821142574,0.21292791468514116,1.9985245196651005,0.08577034072513778,-87.37461122721834,-6.033944432836636,0
0.18994221145804135,0.8405656352342883,0.8455550189544361,0.4499934106042298,0.7651346383117514,1.4126416837465872,0.3888181112680802,0.03538228593210491,0.9651430179654539,1.745384826792367,0.022050883572730218,0.22344005181444704,0.9729024609070402,1.2081382890633496,1.2202133475864914,1.0367268350814853,1.6103471706112389,1.6228876501212488,1.4697562369341601,1.9193060613701711,1.3989405882501011,0.5011557147112979,1.1275395719666714,1.6351527960995356,1.930763318570845,1.893312224490614,0.32547483055744686,1.448065522161667,0.49209219115507596,1.6713952419879474,0.5727490102969762,0.08015360412437822,0.21479572265195213,0.306172372156983,0.4170370006292301,1.5909077098595197,0.2873113856893137,-137.56228886521166,-30.74273898036054,0
0.8251701435172543,1.9268738527376956,1.7853193271964025,0.2227761088074809,1.8260854076465802,0.29677178080054945,1.672137214465197,0.20720207966709414,0.20526984048642105,0.15640176760106694,1.5691040200752073,0.5806808438955169,1.7894120373240743,1.7562158410455457,1.3813086651319586,1.10569835381051,0.9791163395277971,0.32229732071267403,0.1610395068301922,1.1599275669233169,0.6059062200165468,1.1747607350106808,0.45089536692718,1.0806874007775913,0.6448571240632024,0.5274436030654635,1.6294070183282015,0.5216711506580103,1.1268991832525888,0.8237200728476275,0.25581383165612603,0.9904620116467263,0.1436889139832226,0.1509601114455359,0.717772858054216,2.258697726785827,0.12888572552051725,-79.97245778084688,-13.688003853026858,0
1.3510163046347556,0.47165850632691186,1.83725195823289,1.6444818342613403,0.20597725070613482,1.1381652254970591,1.0237641422244637,1.7803502303238548,0.18695297016947143,0.4058588005873729,0.5224634164038193,1.9047510910022716,1.2356858345206998,1.3420955206052683,1.865874214796875,0.8374099069389047,1.7256108855725325,1.8868349163273728,0.6137995659528406,0.4910088663767107,1.8108205334484624,1.0728925992295377,1.5269467352072907,0.3977962876808021,1.635589888284481,1.1884494279290712,0.6557283488228793,0.5825146516608684,1.1685665858764203,0.03960692095111251,0.08334884087773897,0.2475268162980523,0.11026569108175677,0.5605167518105167,0.2970418972310409,1.2986999972991058,-0.31456106415302687,-61.26463365963386,-42.98206094567112,0
1.142924615917781,1.7231295428846514,0.7201513336278196,1.7240609503025313,0.9157251865598395,0.48086433801706385,0.5046993119150536,1.5387395353521451,1.5895413517292167,1.255288842070116,1.5792121051382049,1.248371416211164,1.0732738341204229,1.845645553773808,0.8209560266972855,0.46320999162163545,0.48190548882226913,0.0537645422405868,0.6688738825917184,1.5053964174977326,0.246148880611881,0.22342298991969667,1.6513061809379892,0.5166254992499366,1.675778316320047,1.126564012160041,0.22449375923991033,1.262726188441666,1.6552008386451562,0.1727539174746675,0.06643837025152233,0.3109112572131947,0.28511479247816685,0.01980072555471213,0.9692541940642171,1.651519339561813,0.05831834562415272,-128.89858629690644,-14.560310683587419,0
1.8941107452967478,0.027847680462057545,1.8215807936357211,1.6798110569612297,0.09079779628077733,1.428648966303804,0.30487291985919307,1.3310202309734742,1.4860593629180243,1.5571408475293755,1.4514120076704633,1.5565763411309073,0.9289835505131983,0.8798014415308253,0.014256547467589753,0.38554014270078696,0.6303528863300845,0.34422264787171564,0.0630628331212515,1.122415563149412,0.23441697441021048,1.2896038669524825,0.23995463355970115,1.992585999247343,1.9938334483125157,1.0608868979738528,1.107410464610381,0.6174408802551776,1.278348381613289,1.8951132473231347,0.20469815633344313,0.23198350635528098,0.900231626371529,0.36203549936005774,0.28690112868996587,1.9858499171102768,0.5423851523691003,-131.52956956674052,-48.94516939111478,0
1.4946112492577595,1.305411708390297,0.26253270247944616,0.4021725192699943,1.7352625518572782,0.7090124239013409,1.000359493646046,0.5433327016080645,0.9362312264562234,0.9301677716855534,0.8977254456845163,1.7004133962407972,1.1937000439399235,1.7123229850174142,1.9996918009548508,0.5966471868289338,0.18978145962619242,0.0023849705145164712,1.7163471350995907,0.7946218948502985,1.1452793363963485,1.6900697132867373,1.6938035859967002,1.9214793701840003,0.8223049925348711,1.950439648494137,1.0411873023002773,1.4145165706507352,0.679266925574654,1.7465715163714672,0.45279778214716115,0.3193560329687949,0.30046581415939333,0.7307665184679771,0.05591165717881519,1.8592978049221418,0.11759155684394429,-93.90649194187267,-18.887534322845557,0
0.23160388722995173,1.9826068895217717,0.9912017731784499,1.6858642044808305,0.15835371786491947,0.2238402649058342,1.147131559463729,1.4586997980573748,0.6186175503899831,1.8945946814602646,1.7795339313972505,0.7571292082443428,0.1796902339887536,0.2959875448446916,0.5541512363891021,0.9982411797391126,0.5933114948021754,1.9932863280021078,0.09180153152069126,0.09253597684875059,1.4558638410512794,1.3141694387786216,0.8041203552853287,1.6695363711196964,0.3692661573458953,0.9899933324969143,0.3411405826176528,0.9161188536202773,0.9096706337368266,1.4422485038286788,0.7165557051988857,0.7940406626052167,0.6331796844599901,0.9584673953937323,0.411789538654349,3.5140329863121735,0.580157191006653,-106.59819284740135,-35.65024294248921,1
0.39948703751761183,0.9529749456667589,1.117935145055715,1.6331386684750535,0.14308083250004633,0.7477593946183407,1.6324292996031988,1.19247768110932,1.14841192001681,0.5795133946514919,1.714993590562409,0.8300256100026155,1.0502707015834523,0.22042134176473338,1.1861557370134086,0.6899224847185661,1.8743519550927763,1.6379021696112197,1.477779174105009,1.5066123513599319,1.6779996100335837,1.693905411183037,0.3901096422885866,0.08609336023239633,0.05891835796446765,0.8928473969234851,0.02460542610977523,0.9138537867859915,0.2539381362623949,0.7862565280278324,0.9411635531293826,0.9710892711874751,0.8882220778063876,0.3734840938938676,0.9853901570174358,4.159349153034549,0.682477343267125,-130.78251542612384,-32.435046049116586,1
0.08276998417281534,1.913836762440316,1.4452401700588262,0.10832570709062606,1.9130847619356568,0.43470067641643495,1.793352670793054,0.42248509888411245,1.319627372866814,0.38483562527308757,1.482117911854265,0.7132426242158447,1.4944780477280526,0.09377446731984818,1.0285354248396887,1.1124782993934064,0.3510497324870512,0.312779145418038,0.30442393710998505,1.6196374539612615,0.5561431840365407,0.4406023665870513,0.8793965153426193,1.5413933058888087,1.5500966600800599,0.20412642949814686,0.016255982188412732,0.1758434659454693,0.2580544286803579,0.2743399221843126,0.16834613048237201,0.5471936633900443,0.7559024322335502,0.04917607833721416,0.7912461883113149,2.311864492754496,0.28233412306758265,-50.58805420275739,-47.119489217707496,0
0.1800930911406884,1.6762227552331772,0.8838851267718479,0.4352607275539295,0.6440616079954367,1.2405127431210132,0.20178321631352247,0.8608134820998148,1.765358512131306,1.8569310740651161,0.8147761184551245,0.5466906244531198,0.40032132426444966,0.7780629899678362,1.5860845413171394,1.8260071227364905,0.13789689673435124,1.493356395572795,1.3314488508111764,1.8501427590146102,1.586525455503403,0.3360956975007099,1.6103125283175337,0.2316325080214745,0.15736752803080134,0.9469209342835498,0.012834276138887546,0.4285547124165836,0.9253441719629334,1.9279245069218556,0.7082394174737134,0.1312900176023689,0.7411214106544888,0.7646676672611453,0.41843543187794874,2.763753944869665,-0.44758595147846153,-131.72652072003922,-40.155063311081165,1
1.7330487200254747,1.5402707126623312,0.5865433241411531,1.6066270890756242,1.3399479645665962,1.5868307144817078,0.7533542361299004,1.6872876096816456,0.4277493284317695,1.0307888419280096,0.20618215185122368,0.4487987625284189,0.46073431608145654,1.6418147728296861,1.3054608377849433,1.6420005310881491,1.9403378669472375,0.08514503791502537,0.13121819648292088,0.9621700642322997,1.8689110834649196,0.06219461728310538,1.2351812426916864,0.38811699029361857,1.902782375559565,1.2412029871059338,0.8353661231683285,0.8437764070462221,1.0007011310326686,0.7878400310271525,0.9729198824770258,0.6890504720526276,0.14015886140348965,0.23147763502263274,0.06431159704724265,2.0979184480030186,0.0639135937010471,-96.57954240029667,-19.596789632920302,0
1.411463734065823,0.8216208045444828,1.7384855970721902,1.1871876516460853,1.8095449475589382,1.7857737171456116,0.597883226759679,0.5677952903859333,1.6135214904432202,1.0342593370169335,0.09575409009030467,1.484083328811062,0.9378151176290088,0.49059521908344084,1.676785008306157,0.7882131319007684,1.9528116603638863,0.2989121610148979,0.4400044328305004,0.6127406846561836,1.1279009394774029,0.5239091741988307,0.2564554112961659,1.2763998389219373,0.4337664860934365,0.6665369594138366,0.8387819288717462,1.6982814363454233,0.1216543831067709,1.8812085870186872,0.49854416729550854,0.37056873959168457,0.8877170978586271,0.7869949178234147,0.5836227557667367,3.1274476783359715,-0.4496587903703217,-137.34034857460222,-49.28798462860004,1
0.2740020378607051,1.1432891209145706,0.42428531192185015,1.1205512320314035,1.234684678434213,0.42312560153786816,1.3521274283653597,1.4699646488801386,0.35037665972208676,0.19607038059458537,1.8019598748374916,0.5375422076180083,0.0019530064739727848,1.562288806321879,0.19773255690120473,1.4300147603531008,0.2754018618811138,0.31812620130452585,0.7724362433648797,0.1357185030943444,1.0553051655174857,1.970265809933399,0.8670150584277696,0.7485717305200008,1.698453535183793,0.5218847625636154,1.735941828443861,1.009117359908171,1.3986365664105118,1.9838274575475972,0.23974368376596467,0.3441276529259919,0.732724004194828,0.4907107411819658,0.46410439191673913,2.2714104739854895,0.30936577196758996,-57.51106380320723,-48.80222289386466,0
1.2131516422756754,1.2849202401513597,1.0830160553654924,0.4840908269476525,0.9507773915481457,1.1209880196877213,0.06483780365233427,1.0220383938970334,1.396543261577599,1.9247779478855382,1.754464350952148,1.8259569327547522,0.4989326104310283,1.0599266917568544,0.1918388433269076,0.40938144310832136,1.304128134550578,1.696525123380615,1.976051315155826,1.1895320752361327,0.24034356445679883,0.8409048365344662,0.583747276481879,1.5935509828855714,1.5158428987229857,0.5276131245222366,1.2338913722312168,0.3444425316322781,0.954281737208885,1.8801338300457011,0.6267763627121249,0.1390583113025966,0.23754150086127268,0.6658686126009884,0.38766813539614475,2.0569129228731273,-0.3488481963424522,-138.8746476185025,-0.5316993229350642,0
1.0027557661110098,0.5351278802889008,1.9140805763337854,0.2643780158368685,0.8054004496299738,0.4784395060942699,0.5633742147536713,1.8703807722701815,0.1942615406039503,1.600286926719573,1.2322979704525994,1.357933343261919,0.019034389537364582,0.17196782694902546,0.9383612191348785,1.9978975734073368,1.6054069440992582,1.4131900451193065,0.8361664363407204,0.8878520202468867,0.22683967857160092,0.1434441158527302,0.5460978544308277,0.12467787569217403,1.8359309832194521,1.115965184493791,0.8612196348193286,1.2928569656871953,0.07995213446930216,0.9460817242771782,0.6618427913054594,0.23686665686838626,0.8652318714421646,0.7734446593938747,0.21081985784327706,2.7482058368531623,-0.3151575146326124,-113.60901764053409,-16.79501837739083,1
0.8478263496064733,0.8297722406682122,0.8634326111474926,1.9641402334619869,0.6236987907927838,0.8879681552494294,0.9109763737479057,0.5709405945770092,1.2861377832267025,1.1809380167211327,0.32155166341833175,1.2279603847495302,1.3816907352522754,1.2796852567088692,1.0753966749431447,1.395778722893381,0.39875141772406075,0.836325435126279,0.42017200904265173,1.9950892493687926,0.8113285004122792,0.016106980617819344,0.7955082571124921,0.699180489429799,1.4499125387472327,1.9885276303143973,0.6623322254410346,1.744046060343035,0.8932131284918745,0.33224006914648974,0.5092814533980583,0.08734125779615676,0.7211525752226927,0.7586715456685675,0.7471418721701127,2.8235887042555876,0.3245454551897755,-81.48685719038679,-40.860467036886874,1
0.8302762128230761,0.3592998489313537,0.6888381621967676,1.5659503966234434,1.4827758511452638,1.8338927504499827,0.04846843957494795,0.09008023816860256,1.3301670815891964,0.7555596602642267,1.551744052257121,0.4819114074069537,1.348970465245084,1.4443502448762016,0.48411594697233684,0.7264876369316691,0.029599002447819878,1.7091732809197595,0.6979900914910893,0.34969254505959,0.6206488828478416,1.6541989546583982,0.6235889143788118,1.0104436686142269,0.29832081230346574,0.17946449131010866,0.8197684692853253,0.9174064626684131,0.6046205886098528,0.907364490895046,0.7807744736271837,0.6873503042771213,0.4287283032482323,0.20171144519984763,0.5501938470217573,2.648758373374142,-0.43806219536821644,-121.12988137713255,-45.89406422945593,1
1.4404553887304588,0.6002309949078948,0.8280241474929719,0.37502542738664446,0.007889724489305472,0.08291018338248457,0.5605243038125178,1.4817165055686303,1.6651370124024636,1.6420730519203457,1.4664806386371259,0.7105330767124651,1.7053573179883996,0.2471216639799252,0.4121139804913676,0.01730723777827703,0.6470608544145453,0.9776157863842077,1.0951463375657156,1.639701888066118,0.9070697437868531,0.23455698476495224,0.9811327156600467,1.5935298286410418,0.21010459010585225,0.8716650106530566,0.2395713179904786,0.2752948375866122,0.7567502059674105,1.6002741594465308,0.5924125045556763,0.15281936609838176,0.4107133758303845,0.19536744397778605,0.728904209360996,2.080216899823225,0.9054901220159839,-56.95568913797867,-10.35921610435957,0
1.8796744695930787,1.8453654404386683,0.5047848092809333,1.3399869228104602,0.7551385722216166,1.3593006628902347,0.5710004101878181,0.6377773628871544,1.6985863293000785,0.1333931831114934,1.4560796932572095,0.894006687037215,0.45268178584632546,0.21094999312478446,1.968496401601894,0.4943165113073995,1.2014157885333825,0.08761486657467632,0.6852032641816523,0.4701720380095249,0.08355080336117782,1.1868211208760937,1.0183393215954446,0.6444252874909453,1.059225086854627,0.07512534963089634,1.2674465360645397,1.191024175186984,0.9793093675917965,0.7064867093735339,0.6404780166824897,0.9837328712139952,0.3561097217563669,0.3661144991166553,0.08303187787186705,2.4294669866413745,0.4604217201812554,-143.63245493418952,-12.186243624850674,0
1.049125235824418,0.5901544831360883,1.1894318115480096,0.8443501799459381,0.5443443220967983,1.5892447777215484,1.5725022964374156,0.1602041092751978,1.9299744990125092,0.2554154826692516,1.6238521677431557,0.6011698280952593,1.0750515182166203,1.3458483270914203,1.6378542593191583,1.1122128978922483,0.995426559898356,0.9991829344495788,0.7492345206056288,0.35234159511693397,1.8780475312745815,1.842747677021641,0.2659382162565571,1.2271485248640586,1.7564073363840793,0.4812747097411785,1.5333630190536212,1.4633276987955262,0.4038644730894647,1.723425797827627,0.8664766716767879,0.05059586204229927,0.9695920035031532,0.5358117940333044,0.45986712517221173,2.8823434564277566,-0.35722432961090334,-74.28380642311834,-34.9100746606072,1
1.2179190664634325,0.5749287182380582,1.0008347343685586,1.8027086586913288,1.6264699743138493,0.15272081404386562,0.1757549848988067,1.862049180211766,1.6250393421198863,1.8364399861785041,1.2581831243254125,0.63333556216208,1.4488963363995837,1.7531562351864558,1.4052818077803377,1.2956293901340583,1.0857170910884464,1.6595336440044368,0.5557077873603784,0.16678997822614017,0.35141285410188816,0.7829139293038305,0.23463670504552625,1.8693713671613204,1.857983474779487,0.6832148765688026,0.4264943887598638,0.16362596218211922,1.2324241936018783,1.4677821171618353,0.5798024631345955,0.16015521186081405,0.1907784603210957,0.482941186319392,0.2955738696638479,1.7092511912997452,0.476766826293776,-143.06413055037035,-42.67961198553455,0
0.7093570200886978,0.9145444481625609,1.7374690218304563,0.5071463480386491,0.4832833946767576,0.5421439211622257,1.9087189892576293,0.4865757728802169,1.4302039566509257,0.6044814648228991,1.672777133294663,1.0971059920629882,1.8894209841783083,0.3198163726253316,1.1316500319293785,0.6134351034303214,1.974341313151036,0.5273322952008954,1.894198701422698,1.2897619041896424,0.7401255202716674,0.1794391251534786,0.1044634461256162,0.11469490084694645,1.9830607263280906,0.7544161168018533,0.3170276400003367,0.6243387697207281,0.12310844623150086,1.6957379874404999,0.7335611792575882,0.8828440934998004,0.030653856848465333,0.8894192574787663,0.3097656756099484,2.8462440626945686,-0.21321040817531173,-92.62970688818646,-35.546229182639436,1
0.8411129903204517,1.3329602192813201,1.4922516221083888,1.3605786878072101,0.9028992499189286,0.31566420525748407,1.0497566429394198,1.3200944048714691,0.3024941242659718,1.7130296883554232,0.38690057811279766,0.9848296381989043,1.8250687685903715,1.8807476821261633,0.01135287481186431,0.7521718757522389,0.17580773161761942,1.4612647894040793,1.9555234582473051,0.1508591623318778,1.7946462590360084,0.6565020288120051,1.849481368788409,1.6991639977195279,1.93008434904483,1.4802518100082034,1.0115908509414877,0.687666595721508,1.3625493872585073,1.4469254999943306,0.4491631945860083,0.5217960718593557,0.9480013154826996,0.08324768336422261,0.249852798063525,2.2520610633558116,0.28450489905824417,-83.68156581650759,-37.86739344972206,0
0.75232718169715,0.6915422163382206,0.2238957866567095,1.2956083353091128,1.9031207081484909,1.9579157094625335,1.289536481523433,1.8194248132269535,0.26667034009451496,0.9834401116773988,1.364288933834481,0.9027260350734665,0.39694576814876803,0.9800543072051286,1.9164165732144607,1.891039106416227,1.9338672934647387,0.42442207450156966,1.6102953047616475,0.025111803575509795,0.6540638063974482,0.22452150280457972,1.2417407873988797,1.3043544116030856,1.2754094036608625,1.435465653570661,0.981935650042264,0.7041074138593024,0.5691073593848217,0.44903618187143457,0.20308302558726288,0.8686343345854004,0.46586169559925783,0.44222838920896146,0.4587218969716401,2.4385293419525227,-0.14559854782656123,-132.13512376140446,-45.65178729462077,0
1.8544053976641053,0.3982289692364842,1.1614460741295864,0.48420688313878957,0.6212003254988352,1.9661087640737942,0.6298738745742956,0.7184514490919105,1.694975341231515,1.4113522434886585,1.3640087329867445,1.4010444214399254,1.787881751102617,1.6846170801585019,0.691966281824389,0.6854426079554556,0.4247701134031503,1.2322427447250746,1.8015069175977314,1.8960888036789911,1.138499748649317,0.2804387500736305,0.6022183695579415,0.1456970480615163,0.2298165283228768,1.9171210379759511,0.605328408075152,1.5802582221369683,1.9276246743516932,1.740533910852233,0.6387300137319849,0.17019298887723844,0.0843845872835165,0.45585366457589394,0.8704975689665981,2.219658823435232,0.6036080515970783,-112.9445396671415,-36.572455607518336,0
0.970035832266565,1.0263804619263714,0.040414319245656305,1.1359635469013631,0.4591408024265733,1.0421279380526804,1.768488372477827,1.1493771078881037,1.042906481050105,0.2599235634386583,1.744899762337313,0.4741403705757483,1.8215856266163828,0.13113782330763413,0.5645076982237092,0.6885962880763674,0.034873251420231455,1.2497888523955907,0.9504585839280049,1.6079862609573088,0.9731918802800104,0.2514062131496526,0.31361727074457746,1.1264184791543665,1.5075597334195472,0.6783870409025929,0.04053867594135152,0.06533691726324986,0.7042833226590981,0.7785410919599456,0.9524155376847474,0.8268749818695178,0.5680580114000618,0.31136927891104593,0.42342720431461944,3.082145014179992,-0.26744723864109576,-60.5842225968904,-10.1721547934978,1
1.3416339987194923,0.3226794156945867,0.4822810265757127,1.395122091838007,0.4786892435716297,0.11613845521522892,1.2558285538060854,0.6927388957216829,0.9709173725136562,0.12971712483818898,0.2721545528230749,1.9893745063794397,1.8522324589075816,1.8241822877526785,0.037920075160180255,1.1999017147651558,0.3387102063191647,1.6130109420673835,0.4971132000880807,1.2395674245658694,1.1304702019240376,1.8860353788999251,0.228977923618503,0.08410053514429916,1.3176222878162764,0.20542363568355082,1.0480441300737893,0.5167050981185064,1.2635241916729611,1.1531659840890949,0.013311531961552991,0.912088332975206,0.17627373087744258,0.7743212820470513,0.37184086572139363,2.2478357435826464,-0.18586675861017637,-134.1182012558956,-39.38602960989819,0
1.067451688908727,1.5858992922842352,0.7087818077465997,0.012312852675614216,1.6886818846036153,0.5123275469815887,0.15048127136608724,1.9966546414135828,1.832082429140682,0.960532469954597,0.2333936506390919,0.5647969664596106,0.8831340925915172,1.8131229776665263,0.10624647981978264,1.2751944708619127,1.783549891547525,0.7997380170179003,0.6405448962387128,1.193550240122146,1.126378009298274,1.002043839925724,1.7750429115460518,0.9412985873199429,0.9021849534346154,0.9868995995765018,1.244054350673164,1.7501514168551224,1.87742623530446,1.0635642315113898,0.10161417314479082,0.5565251357960771,0.8651090019935038,0.9872536816254461,0.7587728144804127,3.2692748070402304,-0.37481175412452783,-87.69007314995969,-35.3529044632252,1
1.4952812468142322,0.011757976664460656,1.8874177453122059,0.018864412016782683,1.449435530275952,1.2315579590494836,0.6945701701117455,1.916418849063776,1.5534031193371787,0.807232123791984,1.7150961377791167,0.7068901117675117,0.6029100299441028,0.6392458139693074,0.5097001360214732,1.9041116168361774,0.9726802856963352,0.8096032965961315,1.1595122791622192,0.9428412170462599,1.9814478844966013,0.17472240131802175,1.7315678054194328,0.9032422566700347,1.6273891571066728,0.3748858736895553,0.395224539550199,1.6860937686654012,0.11315615543684854,1.918767294009056,0.8356212821364517,0.6043048178647732,0.5852440114681207,0.7587047448271611,0.8789682493437795,3.662843105640286,-0.29216937851361,-101.84841930723482,-10.92877633853232,1
1.764260695982711,0.2346557520622201,1.3468671147589664,0.019212955558939537,1.1759035497098203,0.3212891169959664,0.07290090291673379,1.7870800291551234,1.792634137529627,1.306858556849698,1.5883402748870024,0.2995754385955596,0.8802263432214603,0.36675385847119046,0.28400104039168506,1.2796637963038318,0.45959098082184857,0.26079759895622967,0.3485018760778462,1.678756300114822,0.069959912037876,1.1456735092786106,1.284700934518298,1.0752853248790397,1.7040654710035767,0.11863145631813188,1.3750434436133048,0.24532335250918735,0.02388473022179083,1.5998240315191894,0.8768832933561543,0.21530568152604201,0.0907442486936999,0.8550857606178137,0.11312439876310354,2.151143382956813,0.20453318723781133,-95.53363203177037,-40.5442757820433,0
1.7180025485733106,1.9086159375318361,0.7264354438207281,0.15319669170793593,1.0541232056526697,1.5245881475949823,1.3714773700005911,1.5359470268036084,0.40022616897122143,0.4322670913727915,1.5214908396583262,1.8471766173236033,1.7329303689239388,0.164044006170166,1.8755346023770314,0.824647369242467,0.8248847893606788,0.69591037865504,1.4452219186582937,0.03257709701342315,0.2654120999119738,0.4774882625343413,1.524091311456983,1.155005028208007,0.3899558938116443,0.8706460460519061,0.8190883847318216,1.7004943637767127,1.6284827468317375,0.7645457003628073,0.4874580528118676,0.9209094571502476,0.3936518184764809,0.09824710784456359,0.8623128837334089,2.762579320016569,0.21449839376398616,-109.86356165678276,-13.765420917582267,1
0.9872079466161932,1.6802013922340941,1.0315457326899722,1.5226476627930696,0.6764250913147618,1.5840128563656193,0.6921001505970892,0.016720406074067995,1.0376207603630248,1.7817110897317316,1.8701042483628694,1.1137818103825152,1.6683610383508751,0.976323255137822,1.0309975811407606,1.269811958922497,1.7148967720557768,1.0284347028937977,0.9836480471054703,1.0150337975174772,1.113405463864095,1.2648241748564433,1.5531162832434833,1.9073524861535773,1.9873958976922173,0.8240571378946266,0.367099377997145,0.6272337780196791,1.0637880381370532,0.752450010770547,0.49857072796453894,0.6173054124600105,0.32803516775808605,0.7890490324658638,0.40751550877043996,2.640475849418939,0.45118089896496416,-65.32764723284906,-39.511249390053585,1
0.6172315371953943,0.8506490546426881,0.8534613876406485,1.367296773203141,1.245058776827858,0.7000800491695383,1.7255461084973551,0.40967831130313037,1.7317517526611186,0.5699906943722064,1.2654754047143166,0.09086327331974164,1.4094445283488086,0.021095668458275485,0.2784322243771,0.8185894466112547,0.7721468501267685,0.4257508586737828,0.8064357209604531,1.3560504944684657,0.627619829153399,1.8617877756983658,1.7741495302169152,0.573177223010281,0.8270570001317366,1.7826884279794677,1.8624815299094173,0.6623629166204947,0.04014592032438502,0.7583179406717355,0.14511209205057507,0.3251565170393219,0.6724496185825891,0.985782328714615,0.6228250177949175,2.751325574182019,0.6720002657313149,-76.8419079740805,-31.081002432948925,1
1.5284794939176398,1.3615074415369162,0.8052703073434362,1.237103278675676,1.4559444251660691,0.6409137097693112,1.6823594660924028,1.1765768182633145,0.20532982073903616,0.0005278475721530729,1.020627905070805,0.0199404515190158,0.7746842301812651,1.067616475195512,1.2980297336065592,1.3352489478231575,0.15583876903225713,1.4383671758296748,1.9072472190998588,1.7667035181048887,1.4697042801188538,1.918549576870015,0.8863942264367899,0.16689349787748142,0.3997919246538608,1.8837358862489086,0.2891442981821133,1.8040696667346414,1.0074835613248712,1.1742183253337402,0.649592346231426,0.538412914827167,0.3530410441827907,0.039633419236940304,0.5715906866198488,2.152270411098173,-0.012883158281227436,-134.1327448551643,-20.794399878208697,0
0.5355803507345318,1.0522704657248596,0.5279625959099605,1.0927969785534986,1.384112668680549,0.42982194693995046,0.13802940491474436,0.19186668452334366,0.430722483015582,1.0463396057033167,1.148116038597636,1.9369223870331918,1.8821492099928139,1.3292751785678956,1.418080737446256,0.6484839138965519,0.8597253677450982,1.9605647516856433,0.5858895848282193,0.7046190943745876,1.9810434631062293,0.1184468583649978,0.2996930625508125,1.2272578861020402,0.9809664763878592,0.13015007468758255,0.800946452345898,0.4846170257904132,1.3225615487952187,0.03299180795730128,0.5028433333340779,0.2533354906767218,0.6636624809533078,0.21444797264665105,0.12449262196800004,1.7587818995787587,0.5913158648076302,-121.76787248554383,-24.222636005052696,0
0.815476828301219,1.4352730429635596,1.646478742498724,0.7850298251121626,0.15133830858397967,1.8574282737178665,1.6850597333608612,1.5334791803326386,0.403997179429159,1.6726446060000306,1.2810958562966606,0.2519668614563171,0.4816694025466113,1.66325860021285,1.7537964377630364,1.988187453335087,0.9458423433892695,0.22804951310270427,0.5220696961026434,1.3182784070424558,0.5820251845983613,1.5328564856370726,1.1853113004879314,1.3064605916208285,0.8610460711912806,0.11090094628760272,0.9503052487366808,0.8860232234482517,0.3286306332836346,1.6277122742595203,0.08828944348143875,0.8365999327343787,0.5995979185256025,0.8208307393238738,0.7187095948952729,3.0640276289605666,-0.13748885742054068,-149.51382087779461,-21.059984105799813,1
0.7223944651517469,1.4689275699614606,0.6014234393447604,0.03419297632594742,0.6028454045961111,0.9628177297227218,0.2346888175947286,1.0793300529353274,1.654809426491448,1.7848795377749735,0.2920562692169697,1.4012176051142986,0.7535206185253112,0.49770689680436875,0.36804551458056745,0.8446880471541529,1.4587913342072427,1.5061832441617526,1.076242340015541,0.9482988487660775,1.127293874037681,0.5707814006126319,1.5158546921128393,1.5383122037146486,1.4129151911823967,1.6264895467014016,1.8450579040443793,0.2550185000213645,0.15962713403760054,0.7430363763099945,0.8440392394609867,0.7105261382878669,0.4361877939815265,0.5277302741205577,0.35878308334059594,2.8772665291915343,0.34909229801162167,-85.04812761563244,-0.2023211321721452,1
1.885893045616482,0.0016485251293958392,0.06397521497700454,1.6595667075138054,1.9145913274409505,0.731048249429344,1.1395144083842434,1.0298613374627912,0.3233807409581466,0.31247237302983,0.2397255680932029,1.702893108065896,1.61745949455752,0.8444818576977919,0.7243347808966896,1.040005150492833,1.6560321225107966,0.10848091388396264,0.9150488686778577,1.9440259169741474,1.5906129718393995,0.7474249510558593,1.2857360064782593,0.05958540131029588,0.15866466108237587,0.10034869875255858,0.21257205015803926,1.8067657027689497,0.1942956899679773,1.4769992528385028,0.5348088667510982,0.7687181656792704,0.6595789826645861,0.5707435766818191,0.5084236476392296,3.0422732394160032,-0.36403979829131816,-77.68357840469577,-26.116985151514722,1
1.9097201042133987,1.6946554914688212,0.9569326757713748,1.8645206627409927,0.7362949081963854,0.9555773351840497,0.4496129707072378,1.4239639438450697,0.19068656921183824,0.6539112752017449,0.11026189545994769,0.7551948149498564,0.25988241814448343,1.4398386069588958,0.7649389074793091,0.7499940798318596,1.8861285379154553,1.3969722185734528,1.1618229985715454,0.8832717249239272,1.1091733650056383,0.8004211997985096,1.4049779264502575,0.448442598533042,1.1603810565638104,0.6429855894994394,0.7838337498096257,0.726033812660511,1.7118219801912318,0.9520506720037472,0.4115063520423714,0.7109084166374214,0.17254636124278577,0.40941050543586854,0.046913585161477145,1.7512852205199243,0.6733000480218354,-127.03352591875041,-20.87533929120204,0
1.4912562870780564,1.4298392548222634,0.7424465705341448,1.6170741904653474,0.05125968293177663,1.4960642480682698,1.3038780080650016,0.8482574383917325,0.5968510611882745,0.6832531894557687,0.16928287834204658,0.3421562666729443,0.19534774595529725,0.43685452382517176,0.2525464557969679,1.9586240787534641,0.317035003064146,1.264726891409635,0.04286139447275561,0.6885141420663952,0.16836549077691765,0.22521857715635463,1.003960003652079,0.2444649166513002,1.0030136814499162,0.1453142704510757,1.2603035145598407,0.4791880446368144,1.4819052675636912,0.651154997177559,0.6690956511647164,0.05071382416864034,0.706708495141464,0.6237641538091371,0.27557480196562467,2.3258569262495827,0.34616805361084424,-109.51088942065336,-3.735527025108026,0
1.3631781487446462,0.2728711844573197,1.5100721400415695,1.7729570081392763,1.0268276110664862,1.2498389111707575,1.1380211702828096,1.8314017350837655,0.35434681980589944,1.631144813070317,0.09972486780319278,0.7536784949255428,1.8632243628554592,0.8749925269668204,0.8232848252290219,0.32009827810537406,1.64716410765499,0.931026482140975,1.9779831960280723,1.767625848369722,0.12698601644765173,0.2403256220800547,1.491852556942566,0.766631022877746,1.6385096413749554,1.5047895477097897,0.34364095589927324,0.1331052204294132,0.643119687358666,1.5621112980247025,0.01708832406645988,0.11899668249220696,0.6004128546723476,0.5527519967616713,0.6176315249806806,1.9068813829733662,-0.4956939049699368,-67.7110199066764,-45.85315932354758,0
1.7597287694533081,1.1231453701988325,1.8909961880759787,1.4062083051559795,1.0483885344336463,1.2311190014234474,1.3651708313308264,0.47262099707230654,0.2851615803983323,0.9895360492424154,1.494422740092225,1.7604013054712042,1.4079121000461925,0.23311949649718255,1.1559064037101288,1.6503366589104738,1.1817052268688981,0.09215342670607196,0.3938574541553814,0.07912491239951813,0.16500909419096454,1.9596301071978717,0.1876096020368705,0.05178457354050958,1.5614768054409327,1.3439668095165545,1.6182935392199607,1.2199486066455492,0.15720535909985456,0.48555223742830167,0.6707386145993608,0.6752744428073736,0.4823384880054773,0.6601358464522018,0.2505234787409455,2.739010870605359,0.9640556918621235,-63.567261199397805,-31.824638813590784,1
1.5695832075326164,0.8829050933328151,0.5315692158933552,0.1353081330558743,0.9674415942248915,1.5249196202784232,1.3413924989889268,1.0518310980825256,1.3578937864183094,1.3415508766250894,0.02321064584153998,1.8296753068035512,1.5820607138232694,1.7853773895972205,0.3711168277220023,0.7297177155778571,0.9750298136036721,1.7941681674939085,0.5933165428785021,0.31746353056442667,0.5134701194522036,1.9496458042361047,1.0185866467083893,0.19792256539620245,1.6474355560428473,0.9579622240029493,1.417820171428005,1.1550893647673643,1.7168443173400738,1.663203894826869,0.3135638300623176,0.7346242727129458,0.09526792161820652,0.2461338091773716,0.813532736741415,2.2031225703122566,0.22354005718489167,-120.99106113961047,-8.48469014376329,0
0.2779966531775493,1.6587926268686792,1.6836692410035414,0.025890981511883515,1.0953014338103464,1.7066128321473908,0.9496829294557705,0.15522977937497218,1.1379557602348278,0.7939691128652067,1.5653534103845936,1.2830770478073552,1.5418446260866538,1.1623416507305606,1.8875347414856247,1.8075338840162518,1.927306295511334,0.1179450723509734,1.3988269178499202,1.1740827141764876,1.2848162098442726,1.361613122105189,0.06051492029440708,0.9057962388926524,0.5840394323512348,1.781518213887425,1.017726227636782,0.6048313750779746,0.6891212683421148,1.817517251743737,0.4791063407067987,0.23254411893984084,0.7454862291725126,0.4479442282074888,0.262541391782963,2.167622308809604,-0.46518330240902944,-70.78908198388919,-37.034683652511916,0
1.4987096155280735,1.5686679205144012,0.1171052759515101,0.8060651915967825,0.06287012415053539,1.861302298160336,1.6209035185318146,0.7584069833996001,0.7790862071083775,0.038421174537344616,0.09675653428626219,0.748707082491882,0.7041282853415243,0.6568876923893188,0.5657316559033325,0.3662811274900917,0.6477153566214677,1.4300910819085573,1.665236017738663,0.8139505086831045,1.201649733418439,1.2868234626526664,0.1991074047346475,0.3820281345634702,0.013376344616837788,1.782074398208004,1.3971288723526067,0.20658246785638812,0.41326814655089783,1.9383816151286297,0.7555578338129588,0.1461757288467136,0.9314320664790035,0.7596213510709097,0.34008990258169614,2.932876882791282,-0.08438460495413586,-75.48442316187291,-46.98667819278918,1
1.536758011974152,1.0047487044685075,0.9080395463845781,1.5280882791737613,0.9852146856269683,1.3358841018712584,1.7101364948504605,1.2299019069052308,0.9554711608238349,1.5441320161166658,1.538991501251325,1.0051442567214384,1.5613092496569732,0.8952854280158289,1.0656137965251884,0.29281837903738284,1.5835987418915192,1.8484906644567454,0.31565357220584556,0.03259437925996411,0.15098429698036142,0.891045355811636,0.030644164668947038,0.8923315942517294,0.5837449958483463,0.2546822506207318,1.3855505319694494,1.8198408565831399,0.8812857922347677,1.4026336836970685,0.34028666807874264,0.3048068110697544,0.759448664452325,0.5150384348568163,0.6756079107551556,2.595188489212794,0.07006381076994872,-146.8395739387471,-22.206231127430147,1
1.9145023849227387,0.695223630286324,0.09199182257853145,1.8825936578565101,1.8562869135952187,1.5935095215719246,1.3013941650631382,0.2622802325639384,1.0425816455624,1.6212426798585347,1.7958081358837725,1.319994228703389,1.7720191771161904,1.237095585008792,1.2411118320915866,0.023133593362189453,0.8827774859323425,0.41991677845917375,0.01093480030914007,1.0002295716120257,1.8207757558785354,0.3215043359984797,0.5499151149910428,1.9764736896550643,0.01002395335964068,1.5830030117369234,1.480490987109846,1.7762580984055822,1.4682249651872088,0.4433463539735816,0.09023049954325646,0.6696068293821764,0.11347787116355523,0.19075291444130105,0.8133551233163787,1.8774232378466678,0.08781715455985217,-105.84442201488999,-10.829116986301562,0
1.0581800621524629,0.6860967142558165,1.994007203569547,1.978125508550576,1.1884582335678613,0.26391624822495907,0.38731037693623094,1.0172427520678846,1.6856846409611028,1.1525266599348274,1.2949035639659525,1.051394297885022,1.979828003354239,1.895063624162144,1.4273620745727016,0.08115499791817293,1.4796516376651223,0.21852169965994594,1.8768761494401527,1.0241766850753053,1.5070515112317804,0.5113345996379268,1.823812133612183,1.7179128690977503,0.028615539880459062,1.1923243518539852,1.0357460510971312,1.9738947441005374,1.7551698563110332,1.9585231656203288,0.9210820868484237,0.7849619831688424,0.6330123366329297,0.5556671461109919,0.7604127548469314,3.6551363076081187,0.9019036625859016,-134.4646555061205,-8.55606618766005,1
0.4415366026216361,1.6667314080923321,0.08580458184946416,0.7939277452006877,0.5348805207167586,0.25126977596949174,0.08109338393371912,0.8492384648069802,1.5421465286017186,0.9248002086715588,1.6932942868822507,1.5699041530359408,1.0093026833809675,0.766687991448868,0.9953065838153197,0.695475887880151,1.4786165396730824,0.400081438410965,0.06062626519384273,0.6107904443449808,1.3139108594565987,0.06317442612817814,0.19563669766748926,1.9362327309631449,0.4327413513392402,0.8230913414456871,0.6460365707649511,1.2687048178522877,1.9663730512963709,0.4453365517852421,0.5905949012481991,0.4075446408547868,0.20805712250269226,0.09873227212451208,0.7829111354885478,2.0878400722187385,0.7413200003674341,-138.46396433927654,-7.700856664650358,0
1.8517816131701514,1.4924207895624322,0.1615422790973171,0.5475039435419546,0.13986152186455225,0.029213491093565747,0.49215425467976903,1.5045198131546982,0.6331137809333651,0.9117967308460901,1.6691210452438316,1.355819632349052,1.0639883433728317,0.5793325448029092,1.0142984623032083,0.9137369229029788,0.5006087942488282,1.9428188634834809,0.30183985425513904,1.519798894630701,1.9147357312308522,0.4208921723441681,1.4544395784249793,1.307326245001061,1.2950091560815398,1.4676509018663955,1.5556079649960486,0.5564651703498076,0.6115632073199728,0.3591167824022672,0.5172977638192678,0.9719776277916876,0.12589513998638813,0.6874421560157016,0.897968814002181,3.200581501615226,0.23813314671409858,-51.392559553531804,-28.268978127151072,1
1.1996371703334294,0.8963645560695543,0.5339795714868965,0.9859012139307457,1.0949657637916905,0.19508991735389092,1.6192165906260192,0.5424574928741284,0.7155817144040284,1.5687901005899911,1.8811198602454173,1.6000439703594367,0.869239488449284,0.6815020847891948,1.3888418979117345,1.5904413076921202,0.6759927430478643,0.9213215830451056,1.2065052821827242,1.9045882073982743,0.07505139266092042,0.1625256595918554,1.2343660940789196,0.7076782510167037,0.995452598570977,0.16294810512571112,1.911985948988915,0.09999661374893343,0.623365768234657,0.3925387844125443,0.7211893295544229,0.9869816037395263,0.6649391868626218,0.05335594106807384,0.6471489088813018,3.0736149701059468,0.27067714134986187,-83.0949226394795,-49.26525203085429,1
0.08802308080274246,1.233079511850535,1.7604152193826939,1.3440928541512849,1.1727057567844748,1.073765826115291,0.7526706980493336,1.3104712036978539,1.7519648137514954,0.6342591002221092,1.41558136866301,1.0832375357032962,1.8143253226109854,0.5729699883704937,0.3190468087619456,1.7005996321388466,0.7326886288155232,0.21427546086935578,0.6924405646147982,0.10163697920638737,0.5525397987709328,1.7059031584727853,1.8013843682890103,0.21509426742778648,1.675646154031486,1.8269907772228562,1.0527195129259368,1.5485411068681656,1.5344524123497945,0.1781108818151247,0.23876074063878738,0.8388132529102496,0.8525576505222869,0.7898133983651071,0.08285424201748814,2.802799284453919,0.10499784132139167,-85.01514474362303,-32.64304729513227,1
1.9313184490648894,0.8077417614232114,1.2622377509541864,1.0678320565128652,1.0485921545481245,0.6207746338406934,1.8654369087860392,0.7170844755558237,0.2898334595866292,1.3393043366031285,1.9006769798151264,1.3967210449528116,0.710444862242654,0.6075052496098166,1.542236833967362,1.258520155432807,1.8119895171940443,1.4027544632284594,0.4346770262777031,1.6470688942267044,1.4628683767756239,1.0537779471184474,1.9986042362363108,0.638886527776537,0.122132222486806,0.8677937189247016,1.5234905186807655,1.0295516583083832,1.075654425948467,1.2514491380077453,0.9821813374195987,0.9362861745715341,0.35889490508299904,0.2674198485605962,0.5884253145193662,3.133207580154094,0.9821902912893494,-92.00168236268019,-44.47144513227549,1
1.1278667234637918,1.5007550258416735,0.910270303240885,0.8460451898529817,0.7305557182956359,0.8275609288384718,1.4243818181287478,1.7532711381003068,1.6531520430846092,1.4538877882477947,0.37751441330183133,0.673543648732869,1.199613379196846,0.18749740112235758,0.8213667875881441,1.6437795895901766,1.382077832262952,0.2133564427757284,0.6862775774037655,1.9127207617512425,1.8693369537774636,0.21735375285799474,1.695369613954478,1.879460775009629,1.4237623650974156,1.1077672896416275,0.7985814963325433,0.05277849223243747,0.4002897411397295,0.3450441879673303,0.32666510007523053,0.7091482025766446,0.1768330692237361,0.7040163143014133,0.05700325510185955,1.9736659412788842,0.4801937409820116,-104.8840050066357,-35.92267976819936,0
1.0889723909162317,1.341470961197948,0.8837125105872623,1.9983811446974555,1.054395254462324,1.7006326856308822,0.11426854791998875,0.5196430700491026,0.6834003996568188,0.44757804594366846,1.7194766027916581,1.938617158800201,0.3221449587101779,0.7820007978904635,0.7080546930017184,1.5129133412186242,0.4148192814871372,1.95434788359014,0.48976923550768925,0.7065180913397171,0.6413443116865625,0.7914796022276129,0.7352529284662532,1.8437167346224168,1.8968088379710561,1.4305164633096892,1.4541136220329465,1.0677300620403871,0.4055606953462021,0.37381503411849604,0.8384108416011284,0.02921100706996005,0.31997653529192205,0.7650099325831042,0.33013459724815797,2.282742913794273,0.6708314322732358,-118.60935900020861,-43.06255466718407,0
1.9751216260897988,0.1468881327193159,0.6539477173473331,0.5553666646227153,1.9435907377584598,1.8887327855339942,0.14672271683414362,1.5999416124492836,1.5759495739737852,1.4472946328105247,0.9114847411859501,1.465391169869405,1.93456175204738,0.7984858849980514,1.0709024789253483,1.3762222849761505,1.6091442850458035,0.05402252937882701,0.6949971240156567,0.44447505206627014,1.5003890875485109,1.2222091680869036,0.9949161210101483,0.3079180851287777,1.983135010455849,1.211173871446801,1.744776923855706,0.6145764477124787,1.2546652065588162,0.07632684640544007,0.10464720198777555,0.6566724732329714,0.05637608065717015,0.18581384685496094,0.10692676569528115,1.110436368428159,0.07929137780440298,-91.36989692610254,-14.462610695115806,0
1.614726367960455,1.1154459241679338,1.1381626132617788,1.9897824508357822,1.7889730800639565,1.9559386418024727,1.150865294989675,0.5428569176624327,1.2782649478151162,1.6144692801578344,0.7133047360849698,1.3721560829480115,0.9956016138406887,1.0507996109277205,0.8809550407829139,0.9091756238917454,1.5475379809163525,0.3942106758863857,0.14713984891623388,0.8493003015042044,0.10056386213116109,1.1052572853633493,1.387270423333688,0.029700009048844844,1.0610526603728105,0.2996656639703239,1.7942724230553564,1.3818931320526893,1.364211987439785,1.108833329472998,0.9605783306407809,0.5875727808727144,0.6559828832009786,0.5246878662977942,0.06114470731526289,2.789966568327531,-0.3365534436167028,-114.36737549665075,-36.83508987708555,1
1.9038688662692682,0.8054902991366146,0.7325791675067679,1.7124605915873297,0.015043189088193909,1.1234981744370733,1.7160894665878985,1.778763268912018,0.9929740840158654,0.08011997174749386,1.8833694744305582,0.35226250500730094,0.39762136720602226,0.22986886858964106,0.14773288292486453,1.2861691590501991,0.5229565443191544,0.872844981284155,1.2205009817226886,0.43527897953424244,0.4047527478220143,1.9605549641051956,0.7618886878176012,0.8150401105860343,1.9662269028609984,0.38610586639934974,0.7398548316401554,0.07458103121811677,1.1120459655410275,0.4529960635858947,0.11689930235789725,0.4252946310846335,0.5162322779781044,0.07874805779859129,0.39420991806298633,1.5313841872822127,0.4231484592291208,-100.86047030525818,-27.93256846317938,0
0.7438927050925412,0.00667369072819568,1.794979334673883,1.1413371181157315,0.34360851506563406,1.3110415946226925,0.353257866806836,1.8131361185494383,1.333647136402302,1.564647457172668,1.1222673828057546,0.22177222230469873,0.7931141117920266,1.4915474584294328,0.5738831357504357,1.8493908420509073,0.9776104369844536,1.628358194803545,0.5446529631086305,1.8126850832104744,1.9605427150494994,1.9699298477272966,0.8317749576690887,1.956592798079842,1.4067547916168897,1.0806462436021704,0.8343312226643202,1.0242730839085172,0.9236104566554044,1.8401981254726436,0.10133410202086934,0.05705250012338947,0.08812187009639905,0.3572094700366386,0.7399147214749342,1.3436326637522307,0.5291901876623639,-59.96067210270009,-41.01464341889679,0
0.8766233619584598,0.730160624362022,0.49992489624539105,1.3582583671693709,0.0717512861756382,0.7789889955591425,1.530573843122545,1.4922891390084674,0.2792596424418976,1.2869962460770852,1.3719993210486559,1.8732863571479188,0.8958609894660263,1.6700157861199143,0.19843995487147104,0.8294525938054593,1.0397309000297592,1.2944728715602833,1.5162436650517892,0.8432371149746858,1.6584937400703623,0.37005444058706516,1.157204119992921,1.7132237167815927,1.0522137454176812,0.08893669539390703,1.845709616500094,1.3103872684410802,1.8363842546245694,0.9756540653109482,0.8120726377109471,0.022199282113874896,0.2941240678061513,0.037211348475835515,0.16489734269815826,1.3305046788049668,0.36240204650505536,-72.99839516154992,-34.95792744655495,0
0.2800266883984315,0.2937873164175411,0.46287202558078033,0.8177256851479564,1.2258162060308606,1.9659177183682295,1.1607524080003377,1.571232646364159,1.0225776537300588,1.25741793713895,1.1513843237525245,1.5442613146078907,0.8341915090782934,0.6246431372214571,1.3796068608565408,0.7290557954512045,0.5854026531269652,1.240230999589332,1.3959760682791087,0.4388611153370823,0.6386103667007095,1.0875040286432152,1.2298952460697221,1.476957339840011,1.3398841289315626,0.5309207699651644,0.6422258251311721,0.9380985499541361,0.32182462738644824,0.6830784158339482,0.3820503295404921,0.046148780176286874,0.01237152613478465,0.5810933673084473,0.943428816997344,1.9650928201573548,0.11823554409888404,-62.158541369837835,-39.37437641027998,0
0.943389638409956,0.6558025506798959,0.11489208212715196,1.940255653997294,0.9579343947536729,0.2985682501131548,0.8021520029530853,0.5509291272329333,0.7391497136753535,0.13623277778334342,0.35345404209705156,1.7375243606819637,0.03475137162603148,0.8231728875018085,1.8952116705198758,1.4307172609290508,0.6200139649634844,1.5447605680265557,1.408842693280692,0.39628435888661984,1.0397498980050504,0.014108092831263574,0.6348658294064189,0.2974105843044961,1.8684449145358197,1.8759905251676032,1.0327676956812963,1.646437113673619,0.4233003488345417,0.6695149096984883,0.08679756519228321,0.32498930512537183,0.06679897599675477,0.22420614580678844,0.22478686898509703,0.9275788611062953,0.13087635420427102,-69.0133245414006,-11.043652592684127,0
1.4134146084226795,0.9576083444736629,0.21997187698268772,1.10637579364062,1.0950411496818475,1.427284091959349,1.2156225349283059,0.2515128207475015,0.07171503160635018,0.4175145071723312,1.8082727316773612,1.4307656817497578,0.8321269894743566,0.9757240080277789,1.4239647487101337,1.158209756594786,1.9020400823584005,0.40778953292176,1.506739861495639,0.3807133281952255,1.2501546513644628,0.1694301029690577,1.4739994716198117,0.5918173651919045,1.2200060843198295,0.1822675887438543,0.8863681209875365,1.8350235882689294,1.4601366296583824,1.076668987535924,0.1790316753896085,0.05723827375296742,0.28900794374965766,0.8698359517014816,0.44676966505512283,1.841883509648838,-0.3077245921297929,-131.81863480724257,-26.47999979890342,0
0.4802967727926515,0.4883401168019088,0.7894643638562961,0.07255631966186193,0.2717553356649689,1.1053386975561028,1.5301577119474956,1.3511042623803573,0.03943182902465425,0.2508240606934309,1.6793933647462338,0.5682622058161813,1.266623700015609,0.6882832013751143,0.9766297674836852,1.0726550076122952,1.4510746687679423,1.253632987679074,0.3887001583454328,1.8483763313266295,0.6074246205807814,0.9354351041524636,1.8830980954122238,1.552479810333407,1.2806983676919452,0.33831929174887243,0.37782393877366194,1.8043145380892172,1.9737523604797873,0.027797706791644616,0.8962972788832444,0.956929889734039,0.9014337948817168,0.1317405521427838,0.5188932178286498,3.4052947334704333,-0.037634291916040896,-57.547257214981904,-9.283520434672244,1
0.9185196202593542,0.28637357707509037,1.2110091695174092,0.9154306738621891,1.4764206866599856,0.7220494395537718,0.5941399717146585,1.3361797334541112,0.15127218089314587,0.9821330504457124,1.3166330749471018,1.7979500822043317,0.033385712740186424,1.1131443079987464,0.17374564667723869,0.1545266130339784,1.4577134286118554,0.5783553620571238,1.5345402458752118,0.40764919221884277,0.016059819671592646,1.7134533804933074,1.53209792483342,0.6244878592235119,1.3408710573200717,0.4532149547751714,1.6464573258052693,0.17935734322969799,0.4606047326562259,0.510406821226314,0.04429834240901043,0.2122021154590682,0.7166494956210009,0.04463243758679214,0.8841134906647254,1.901895881740597,-0.4863911916599898,-136.78587216632374,-25.186083891171517,0
0.31868735715482543,0.2964667363756668,0.16485915027926357,1.7544508688079115,0.1357660989939662,1.3684574972857009,1.6959120134789814,1.2751453079693624,0.2826569731568307,1.6327259973625599,1.699370123711908,0.5662382842879297,0.47144946030875445,1.6817676737663583,0.8747149883936047,0.9145138213028967,0.6210044850108021,0.1610686157994592,1.6804565834361562,1.3906697990983445,0.524634265077293,0.26767267234591596,0.08148986291195981,0.9367671138869575,1.8649020200617352,0.17538875304913715,1.4382113390890963,1.613389231865613,0.8399892631324517,0.04479209915929383,0.7577661845925956,0.22968086122661135,0.12483497594351578,0.14732453727024286,0.36909714621945533,1.6287037052524207,0.25087218778083553,-131.0370825954592,-15.925004956655474,0
0.32879720612302443,0.37595580047931976,1.205931862081787,0.9721035827757882,1.1259078542610592,1.7987258903404217,0.2967576886170302,0.6634617632690536,0.9803781858760603,1.3294875850199315,1.670504841670486,1.6474754666817941,1.2574167195180603,0.14646013836823868,1.1369001732649469,1.1154013766720081,1.119192384680498,1.8258456144349524,1.9162040824247901,1.2403082001043633,0.38389913151392174,0.5783476328390498,1.0153111939218065,0.6995597560929374,1.558373634387646,1.422309055226717,1.0392814097031042,0.3538841381954396,0.4653864473772247,0.45529590425364064,0.7337940096082568,0.41597189841291105,0.4258847024754413,0.3539507636887529,0.5359770259780992,2.4655784001634613,-0.35049087789441774,-104.22972132707747,-9.06277378879572,0
1.1665947728120507,0.6562254488267232,0.6139828245151966,1.0163301221236705,0.5272252459119886,1.0003139061360424,0.8518341960103359,0.4707753458639585,0.7777929135703492,0.8575512041726745,1.929542582368342,1.9299359195907004,0.6830960796921481,0.4002588035584689,0.013197842900866341,0.44994533703301154,1.6304321992507698,0.3133347240301376,0.3550092082685794,0.062941446922687,1.292438741979195,0.06245079501605244,0.9614531847624195,0.033266092751760734,0.3945327182322269,1.7900567943815047,1.9018894609339667,0.7238547865006428,1.5017800506916588,0.5082700108561311,0.9521384854284111,0.1139337455700501,0.5707036588638916,0.5648403974683898,0.1951785752174916,2.3967948625482345,0.10674251509038912,-124.3871244334628,-48.734201190609525,0
1.1158844924232962,0.2771509837988071,0.9373836631453643,1.4495132612602677,1.4000196771441207,1.4870981011545747,1.7071065536194054,1.7213975325005062,0.2534719470854978,1.1463985818597395,1.822222647209,1.8685357011962167,1.996826817538013,0.0012867886505016912,0.2181228667698043,1.0344803971262229,1.3998190185478774,1.2263053869571827,1.9552273564472165,1.8589190479044673,0.6322266020155289,0.25336705294028716,0.7632721850791369,0.17899346728237076,1.3511421672351462,0.10019783575123942,0.17813216014852018,1.8052963849316297,0.608318152267644,1.2046185532737197,0.5026182262995094,0.2187420975095279,0.256869753785679,0.5280193170980272,0.4510949859701736,1.957344380662917,-0.11887605551273572,-59.54238787695327,-9.75921939974082,0
1.7042936292001352,1.7500009337954507,1.6071706064979356,1.2265235327934843,1.6721567002731632,0.4906100659683701,1.0094748338317325,1.4522147657310318,0.5344553669340739,1.3865319103286315,1.9607336575599488,0.697901938792028,0.7426543210517695,0.8454036474670421,1.0955549141687169,1.036200919593388,0.5085457312582224,0.08054440454770817,1.784783185133556,1.846682727649571,0.4644689074331394,0.30742534676023237,0.5702749036908148,1.0767656756693156,0.14861880393275606,0.8949588887813764,0.04388540590199752,0.984625970464269,1.1178273427183918,0.6362192473026629,0.3206059938563256,0.9220907230779021,0.6247482455668062,0.6430174074154119,0.6824066545747844,3.1928690244912303,0.9300107813264884,-54.10859912815339,-18.317917709163222,1
0.14913003124359525,1.192356648084323,1.5519833881646725,0.2654282020460539,1.9727453529360677,0.3008550759149078,0.9095190794146197,1.812652918801376,1.93133075118322,0.9697013399608423,1.0028049010475977,0.718454581531468,0.19639449592144076,0.23664801153503645,0.4943075495083946,1.3433110391395748,1.5381312853341806,1.526064250336635,0.23448131651056858,0.7638764629294514,1.3691293590476679,0.6620623047838969,0.8934342666538924,1.0603516342175698,1.363946714664012,1.3195631713567093,0.8563494559364335,0.6609143025656254,1.7610354635565573,0.24855202822747824,0.5222210753458001,0.8844947804096491,0.2244118850271738,0.9659645686199064,0.978587616755621,3.5756799261581502,0.7153588299119891,-125.40991605984586,-45.23064149062843,1
1.4144153261289525,1.3325658030071248,0.8416207268159202,0.9699344230584277,1.6156802170076963,1.51904844810577,1.6729243166036771,1.9882023369595596,0.8497119299577063,1.907715605817394,0.1719380001375499,1.815007469414529,1.201055260211879,0.9834070939520645,1.6246901744427196,1.5339231618966476,1.8470856009832788,1.0243631791341288,1.183784354213623,0.9385778177870208,1.2104071714545892,0.21505620997816344,0.15445798115542408,1.1652284740954086,1.1128692285484723,1.9217138311389843,1.628180070996097,0.8260543822044564,1.3047781210640301,0.6697557255885309,0.987623759074284,0.5661511563188459,0.38795884606488484,0.6543110098943538,0.7097583159682774,3.305803087320646,0.005512877042030517,-68.1895563790715,-20.53918510995636,1
1.1940017362208588,0.41294919433086363,1.3863134498200942,1.276004514541437,1.8874171427686,0.6890577706710965,1.1819123178953133,0.26773345906529267,0.6309801686682002,1.915877270183232,1.8024648281358202,1.9580277146436063,1.8552750721375642,0.760560624986893,1.2239069473682875,1.4816712099553213,0.18106100303613526,1.042410400536623,1.8028617447611948,1.2129936238650885,1.7428720918242784,0.42831403602282125,0.614704330534326,0.5996066020507065,1.784419194350206,1.513010153322227,1.8355898411203215,0.22195263438553248,1.4424480242617586,0.9322988029808887,0.8741442237995318,0.5311029691607634,0.7408543871629726,0.9226701164761597,0.11908121891852341,3.187852915517951,0.0003598945947094201,-79.89974080292994,-47.47308577812576,1
0.49938925092530084,1.8319768200561704,0.99891544751271,0.4102760374293972,0.7240986769221667,1.1237722766370575,1.5724921521074018,0.5665277976882066,0.8555571616939848,0.4326369579435747,1.0640040769157002,1.500077199861425,0.3922115631986236,1.177055254746644,1.741507294932583,1.2173881551348238,1.3893399247836575,1.6960162696849843,1.1795563014124508,1.2999511578759877,0.1411295546314757,1.970311072087107,1.6027629743866234,0.27809899692292883,1.1828039145398885,0.3267188562522896,0.5888262159330733,0.4881425416893914,1.7699585123226766,0.524050671593749,0.7637389644113854,0.8773911840925437,0.8740116134943117,0.24523392762311447,0.9495789888266153,3.7099546784479704,-0.015725604347296418,-50.002405487449366,-48.04317792180794,1
1.6564889853971048,1.5590147613494107,0.5127908182675265,1.010700496053385,0.07277612565656266,1.0544064082616913,1.2721855611614121,1.2769616887584505,0.2342999540610058,0.6799330858988357,1.7120388152668435,0.8206345868485578,0.5022814427590157,0.8588033625960598,1.3116201326661014,0.1311223075048067,1.7592135967049902,0.5092524995787069,0.7511031958277308,1.5610859776324288,1.5921535622689238,0.6399480622537674,0.23836151104908376,0.6982480265444762,0.6524589760368318,0.8947614161874289,0.2238109486429123,1.0823236018024307,1.1997063643488346,1.870697888413956,0.08660182309108122,0.6369938421722504,0.5777824879810448,0.7572642558700097,0.15836004471665988,2.217002453831046,0.9409658306701734,-88.00834129448913,-42.069204450403696,0
1.3412396310608894,0.02437178495164516,1.3395715515403956,1.0467448296938262,0.7504969233988041,1.1760270098426049,1.2805636442723798,0.9841850391726292,1.605838203902572,1.420212481837171,1.6064143517266636,1.4450754709270874,0.7461826334232451,0.7884877880587069,1.4269274100175364,1.9509867435020247,0.7731898300965268,1.206724161923113,1.2706773076555011,1.4016351744492825,0.7059816419382554,0.03714554864655417,1.0957716581481884,0.5676667866830594,0.10753986592708942,0.6614072210194899,0.05412409308874322,1.6812393800852292,0.08067932185341387,0.13070433794338587,0.6107495449766699,0.9345991127851526,0.38157541745680057,0.5729473250525031,0.49032931927388457,2.990200719545011,0.15061245446901883,-92.90161990952704,-11.803540828260594,1
1.2411292791868032,0.6840644507302958,0.9227232565070254,1.2409490824513187,0.48859702241639424,1.6579244024305901,0.6329317258135507,1.865363346513342,1.895705192984093,1.3235021333775823,1.628403045520012,1.8918751276937993,0.4914704198002009,1.7854566985171956,0.09867848446086391,0.16180104776524806,0.6197225308498349,0.9411913930292297,1.3429135028124766,0.07703317240125584,0.8010553530023321,1.9011091522974064,0.4876082334656433,1.291442847378425,0.03718879033704248,1.5342284835936297,0.1832982957185374,0.4837126420348259,1.884221907085459,1.4654054527183307,0.0404767252263436,0.18690920612266249,0.5708582804945477,0.6800498960276076,0.19553533953915947,1.6738294474103208,-0.38857655483541054,-111.04807993641955,-49.872405432807774,0
0.9965070558429385,1.5872602594957959,0.008501986157346542,1.7673269865462702,1.9540055923738455,0.19765166077343466,0.623886640552088,0.24606546991234435,0.5438750411243598,1.828026772434563,1.0537972816745882,1.0880901474868934,1.1246009534530248,0.024663409835295358,0.11719845464682921,1.2726487315501778,0.9345222707058973,0.6921895225058599,1.9356118122888208,1.6573401921809452,1.1516579138015366,0.7538655745878566,0.9713025142932596,1.978468829468752,0.11373152649330964,0.6509243000924656,1.7026400933110883,0.38408385518900245,0.2658363236249417,0.018487377532881544,0.06125822255809399,0.6637460572337011,0.17573117850184283,0.8882346258495191,0.47865587953880906,2.267625963681966,-0.3673968878867069,-62.467603619079725,-28.568523242694145,0
0.24886875888104631,0.13681081965190645,0.5815801125943685,1.443591583774265,0.8385482209207498,0.7472068606928415,1.2488101501510795,0.7046654297617261,0.5971619288991508,0.8005953315850503,1.7923465681507533,1.0348083341942291,1.1169109672837505,1.3037375449814883,0.6633379253192675,1.8125782360784206,0.9932444391574247,1.1011102872114766,1.027896177190181,1.707663577929466,1.1990606466493428,0.590059602068798,1.063642940026946,1.271955192547502,0.6113652933484504,0.39038527952853985,1.106127069024377,0.6623538926556445,0.622893309538262,1.5215415974895932,0.029733792944345527,0.9409204801768705,0.751451103163627,0.2526539994898318,0.634035471236891,2.6087948470115654,-0.4008976747055206,-53.986238007684115,-29.573307066644755,1
0.49094791533725757,0.0051255131023781875,1.5196668899039714,1.4359518836113851,0.30257179527088884,1.2156327450828595,1.6376452478855645,1.059832003383298,0.9200054424403985,1.1459461036346579,0.8258983970393599,1.2776506050527294,1.8380007815264146,1.9991405726914742,1.2804908325419595,1.117802654841125,0.18060393837789102,0.3629468813192378,1.8748761889383063,0.6420483011398879,1.957865518170397,0.2900125540424432,1.8270547689350445,1.9420039910310531,1.883776301087232,0.5818937759417764,1.4430973232955318,0.33520024076870003,1.9877182067157033,1.1424081669168937,0.6414614275893096,0.9991043867646531,0.25607607943180655,0.6165531464043318,0.3930048023985623,2.9061998425886633,-0.05937381226840566,-64.85763025684741,-22.211070818958355,1
1.0412414823967702,0.7856983581178638,0.10143554591478088,1.852041965439212,0.2973578141792219,0.9607597553142262,1.9100141864183793,1.2859899175454785,1.3330581507656512,0.09760938968307076,1.754144306277541,0.6545903164217866,0.6502018400822098,0.26770303591521216,1.0122423741783997,0.37887818748213764,0.4866036767794064,1.986100065060963,0.3648676740574528,1.8773249531919485,0.2717846545641531,0.030818774426223605,1.6132194137629687,0.0799788683406304,1.8885073486065085,1.3809396995570165,1.5807197819756211,0.18134118289263101,0.5354330273605283,0.3552270960101369,0.591159015093102,0.07905191120990662,0.31427791198495025,0.2806777521261764,0.8386832271008621,2.1038498175149973,0.8813273178425836,-143.7734870950797,-21.558878567052204,0
0.577571515316605,0.6365530713724199,0.49501660672610726,0.4564692478763013,1.9161537231087993,0.8933992963750381,0.8395194656424472,0.7828363657141286,0.15299389554604526,0.5534592955055164,0.5352119802055726,0.1281279874450032,0.6671616999094518,1.5521677212741936,0.5501150803938282,1.1142570382312305,0.7014841618296579,1.4393032004892952,1.0134121928750957,1.340807839062895,0.2622841757122216,1.8102357761965426,0.46542052851962223,0.19305757971981863,0.7620383190101092,0.68391070810221,0.7839884525087824,1.5668205952421141,1.3461485505396278,0.5447101313391893,0.8185319201848168,0.6933647401676308,0.44057406583838543,0.9452179188439751,0.8002105576796369,3.6978992027144453,-0.4983161242634273,-110.78682606944446,-22.057629989332046,1
0.48833732530152707,1.692272944332715,0.19984767089932998,1.2972535519411958,0.5211664416416879,1.3767300264055593,0.15198203827139967,0.7362787383802167,0.4761089439126227,1.2428693277122282,0.5400089330559479,0.8144940106029037,1.6236443515399783,1.3126379569666415,1.0290104396003659,1.2022069032555727,1.3605984859900069,0.1963455454181109,0.19084443803179574,0.35610358563057765,0.7096952742931306,1.2039573907594867,0.8698132606636051,0.5445506989771647,1.5638022625559107,1.8584821452955813,1.9991680593821597,0.2890051390314583,0.8453681191531828,1.3279690892225648,0.2498558490710422,0.679975586367299,0.05337316112826418,0.10158247368786044,0.8955821068737747,1.9803691771282406,-0.4401082454820499,-115.48547479369596,-28.871227642966986,0
1.717888806592724,1.9195513024985136,1.8088027217516427,0.09172024146845703,1.2087965585711784,1.342233413946476,0.7683965988434609,1.747030485900283,1.6676884851857354,0.7377779539348386,1.4333156522957466,0.49085914699500566,0.2863436953552567,1.2472848989373282,1.5638681007514192,0.5270539874675817,0.4919932459789891,0.9191642702844649,1.1810528777731832,0.7717799827888328,0.10943596696548852,1.6863232698120538,0.0773098105485519,0.5607294451534266,0.8453487370308879,0.5224042977296226,0.4372015803829985,0.30881848874066153,0.08384581693651061,1.0104895643638463,0.20717361852202576,0.6151938456611713,0.9558720192732153,0.4434257154256468,0.1204347415960273,2.3420999404780862,-0.45530771325708513,-64.71310213696958,-4.93916490971042,0
0.8151481823303206,1.5055342506378693,0.8466529105445981,1.460075356817753,1.5717184943093319,1.146898128883647,0.23228050566415215,0.7598810310371247,0.5785863309349617,0.9045897636217959,1.9786377103861919,0.6782798103218266,0.5182271739152293,0.9454120468585376,0.069071093917219,1.223826059509129,0.5064126824760782,0.8120010878679751,0.9708541399675177,0.881614758869379,1.0248231494940059,0.2064445593438755,1.1644068379078145,0.11780108092900443,0.13432270053760775,1.6117066714237407,1.8634771372269665,0.6626103987710246,0.2794438588917727,1.5144603701278692,0.29194904149839096,0.705282105009785,0.16191249512948946,0.45711888531323974,0.43673371355836443,2.0529962405092697,-0.1385148246625897,-62.40462577957214,-8.427302852228259,0
1.736931317345664,0.7507270978355203,0.2832565046054678,0.6657865106738394,1.8360285286504328,1.2558235037737226,1.5992168467358805,0.2666487639471915,0.653213240536193,1.092398292507828,1.245768904442454,0.748981469959997,1.4179599993576872,0.6002219688411934,0.23860154092853292,1.4726612495970566,0.5908745835907705,0.8793486642891049,1.963636191436713,0.47624054462911647,1.1827962547295554,0.4519834813454928,0.6665710766325699,1.1687556025849095,0.8607341370212804,1.1204273027723861,0.4555170021532957,0.8255586364243845,0.5490586295269251,1.561089202717341,0.0702613276156343,0.6461450827402434,0.06648703490523311,0.2725614110736291,0.708953218793963,1.7644080751287028,-0.14674616978931848,-103.85571657646467,-46.95304718679977,0
0.072657566325113,1.4773107138592931,0.7657553451804409,0.8896642866637077,1.1863959728209832,1.1861639274584639,0.6394123323540717,1.5813896448560205,1.1421763089834303,1.4317294535647334,1.3421044427748194,0.6209425578617387,0.4058308492451137,1.2700841131954597,0.3412853427447955,1.0893345149955627,0.7669030904559622,0.8473722367504768,1.3104658755250915,0.31107129837504033,1.6759703515669904,0.24049554385179484,0.9453410797984165,0.6312339731370222,0.19456825923639842,0.24096162819594014,1.6590766596111486,0.6929738602051747,0.380290145772082,0.18498232097348177,0.39565350180376613,0.5745231902334957,0.9858667115610112,0.41756529315027957,0.5058117881735,2.8794204849220533,-0.34078610531271347,-84.3034988849451,-47.732906355764385,1
0.915961655765678,0.9179087654447571,0.6748443567452544,0.5037645376369406,0.006526782478555759,1.8724459883310585,0.14626453449365595,1.9303708061626084,1.6961260465627277,0.8148957063873039,0.018139744920433687,0.28867788885174805,0.8600218616142199,1.125296454170542,1.0045807925760186,1.106086482644224,0.9711785545781493,1.9638060699931534,1.069654741221484,0.7151996409576746,0.42828107995699094,1.6090652131059222,1.6373943980825658,1.8470191296935936,0.26723909974682547,1.4824697030797838,1.5274967415121845,0.7343810443954992,0.2581803310412325,0.769655741721726,0.6678609421781598,0.5097553919234524,0.8289503219036991,0.033175784299238176,0.06914572669042329,2.108888166994973,0.4906724681897774,-87.29026491373799,-17.67675683373231,0
0.9949502302236228,0.6681781774613984,1.708414951662149,0.5036775047565931,0.47133215545170115,1.108043674639064,0.302943223959236,1.896306389207076,0.5273888927523069,0.33841879071510794,0.6043994950973917,0.47374197111599337,0.3294795060619,1.5568582638928385,1.124548818759348,1.750748131374579,1.8039356094431682,1.4075028084070254,1.9954210085970914,0.35366772485851383,0.820943285769056,1.2401770938457237,1.7242113121179812,0.45614305148274026,1.8465873808915496,0.4637182464891061,0.795918243402775,0.34801315358335083,0.4360388918334719,1.6121315406825696,0.2833452386514902,0.21365155521519552,0.6616293865057997,0.15127029680334902,0.801747284799196,2.1116437619750306,0.8531395313181824,-62.13694793388021,-28.582899045538095,0
0.22658118197212218,1.4474098544028862,0.21562870879677054,0.21429663020400325,0.3053288704128927,1.3522762649286004,0.4167084218113024,1.6045435942913828,1.4343017528887387,1.1090104562422116,0.8882807102733139,1.2959918150732532,1.4971242911391547,0.5094977920450943,1.442119350090364,1.8536732736331687,1.777253108396415,0.9068550558153299,0.5771877140615376,0.033879622990119485,1.5753021693445355,1.9275963595246617,0.31314859575211385,1.5435909902257485,1.8220722267472937,1.9720086936969166,0.7362801463268538,0.8193531562918115,0.3243549237908776,0.3472337693967906,0.1591362239069023,0.5727947257581718,0.40245482692239276,0.10147017835821392,0.014108278211850456,1.2499642331575311,-0.26508004961887227,-139.0693426299877,-3.958006420166227,0
1.6827147751851161,1.7193726811719712,1.7408150006021406,1.813536588618593,0.34191886746543587,1.0241055297690445,1.2202570185033665,0.992363800344469,0.27886605810470844,1.938937428920165,1.7450364544905859,1.6997692286177448,0.49035845893672936,0.7510057054145107,1.987793948158929,1.5475520908357254,0.09463681081255504,1.3940688718801584,0.38237734435006887,0.7561645328990256,1.6765899694159452,1.302564120202792,1.0902245697020254,1.5655346679014222,1.226897389691474,1.528274443233686,0.7718767502661772,0.8366460087611283,1.954797536883077,1.5937808414254413,0.12520386342928969,0.19377436270104076,0.5942235515457265,0.4630324960634403,0.36946822086150666,1.7457024946010038,0.3073344440639103,-61.288687942678706,-10.351778297416574,0
0.6562133846038407,0.8359247926176292,1.9369859012275106,1.7694580308792491,1.3788126608223237,0.8651118920530421,0.24935368497673527,1.8603956216742956,0.7006696992460932,1.9839598540802015,1.8994808473549654,0.22922805492732268,1.8605292034150465,0.6409878369527182,1.252777688988966,1.4384189215695018,0.012911230443132027,1.7055572647239785,0.444160842533984,1.0639362134815864,1.571081867608839,1.7340586322719882,0.8800134207287975,1.424633403725086,0.9384139958660418,0.7534803731834914,0.5062698328006012,1.6312270529358097,1.2874256337351238,0.42198372699530795,0.784247381086957,0.918060920950495,0.675651990344651,0.07539944798551867,0.9832669775529707,3.436626717920592,0.6639985937404365,-103.8543784342806,-17.90334943165947,1
0.013882773836147333,1.258838167564483,0.6760753781819175,0.045845447996120114,1.6870122621998571,1.334397147521307,1.0204654388868437,0.9561808047233926,0.22277593838264553,1.9726011995524764,1.9350519179671133,1.2914110783740542,1.7136121443588652,1.5906830347390288,0.8474496800920057,0.9248497811860934,1.522485228242469,0.8482092430821875,1.6784669750142946,1.2811725501533489,0.8856179856221909,0.5563902093551631,0.8530003810488462,0.2497053929414783,0.2376694224190803,0.11747877039361465,0.6610555013212924,0.02620483307774446,1.038927215678423,1.6515699848141605,0.35993776497601837,0.0358719821325566,0.9609539497237309,0.09939027804299894,0.282455251043116,1.738609225918421,0.8258016270379231,-79.2139179903101,-37.650409271790686,0
1.067942958357077,0.4065624503628913,1.571610775196317,0.8666089721711601,1.4202893738658646,1.769010830746387,1.7104913281788272,1.4918467991517168,1.991057689448006,1.4052172332829922,0.9692559840190136,0.4276838496707076,0.2764395689632835,0.9544200915774403,0.6185651268696617,0.612896847036307,0.9674311073623338,1.3032717714862152,0.5730384235656618,1.753003505941005,1.0670909519192076,0.33637135017626973,0.33054793920031145,0.5735339910330297,1.4024776932374245,0.8926260960319858,0.09125081826308357,0.2313827758245337,1.1771434204771543,1.3182061823314422,0.4382094301200483,0.20377192301550928,0.46005438665060394,0.000672097707253072,0.049700299826140104,1.1524081373195547,-0.4623910941959651,-80.55402241419975,-15.646332918516471,0
0.5764327001152805,1.1146235795388613,0.5133462850971711,0.3896510926845491,1.7259177269524868,1.7484917243287303,1.3685561479852955,0.8060716972690167,1.40699592680936,0.7819913487050305,1.501256635682024,0.1921812517044903,0.6760249578398017,0.9062920784455524,1.5249130694064101,1.3465723757504122,0.48624367829531145,0.6815288987473347,0.3475037359368154,0.746148935838048,0.388060540949968,1.630283879754372,1.517402825691314,0.030691725246847712,0.26268461538819166,1.6957391145709408,0.3167506049106943,0.7976684415562179,1.441787257590319,0.3961045308573128,0.15583652099031453,0.2535335837616999,0.8837517964933452,0.46489992638307875,0.8951681667521934,2.653189994380632,0.8142534733842202,-131.3857850261125,-44.18310216180117,1
